"","candidato","X03082021_01","X03082021_02","X03082021_03","X10082021_01","X10082021_02","X12082021_01","X12082021_02","X12082021_03","X12082021_04","X12082021_05","X12082021_06","X12082021_07","X12082021_08","X12082021_09","X12082021_10","X12082021_11","X12082021_12","X12082021_13","X12082021_14","X12082021_15","X12082021_16","X12082021_17","X12082021_18","X12082021_19","X12082021_20","X12082021_21","X12082021_22","X12082021_23","X12082021_24","X12082021_25","X12082021_26","X12082021_27","X12082021_28","X12082021_29","X12082021_30","X12082021_31","X13072021_01","X13072021_02","X14072021_01","X14072021_02","X14072021_03","X14072021_04","X14072021_05","X14072021_06","X14072021_07","X14072021_08","X14072021_09","X14072021_10","X14072021_11","X14072021_12","X14072021_13","X14072021_14","X14072021_15","X14072021_16","X14072021_17","X14072021_18","X14072021_19","X14072021_20","X14072021_21","X14072021_22","X14072021_23","X14072021_24","X14072021_25","X14072021_26","X15072021_01","X15072021_02","X15072021_03","X15072021_04","X15072021_05","X15072021_06","X15072021_07","X15072021_08","X15072021_09","X15072021_10","X15072021_11","X15072021_12","X15072021_13","X15072021_14","X21072021_01","X21072021_02","X21072021_03","X21072021_04","X21072021_05","X21072021_06","X21072021_07","X21072021_08","X21072021_09","X21072021_10","X21072021_11","X21072021_12","X21072021_13","X21072021_14","X21072021_15","X21072021_16","X21072021_17","X21072021_18","X21072021_19","X21072021_20","X21072021_21","X21072021_22","X21072021_23","X21072021_24","X21072021_25","X21072021_26","X21072021_27","X21072021_28","X21072021_29","X21072021_30","X21072021_31","X21072021_32","X21072021_33","X21072021_34","X21072021_35","X21072021_36","X21072021_37","X21072021_38","X21072021_39","X21072021_40","X21072021_41","X21072021_42","X21072021_43","X21072021_44","X21072021_45","X21072021_46","X21072021_47","X21072021_48","X21072021_49","X21072021_50","X21072021_51","X21072021_52","X21072021_53","X21072021_54","X21072021_55","X21072021_56","X27072021_01","X27072021_01.xlsx","X27072021_02","X27072021_03","X27072021_04","X27072021_05","X27072021_06","X27072021_07","X27072021_08","X27072021_09","X27072021_10","X27072021_11","X27072021_12"
"4","Abarca, Damaris","1","1","1","1","1","1","0","1","1","1","1","1","0","1","0","0","0","0","1","1","0","0","1","0","0","0","1","1","0","0","0","0","1","1","0","1","1","1","0","0","0","0","0","1","0","1",NA,NA,"1","1",NA,"0","0","1","1","1","1",NA,"0","1","0","1","1","1","1","1","1","1","1","1",NA,NA,NA,"1",NA,"0",NA,"0","0","1","1","1","1","1","1","0","0","1","1","1","0","1","0","1","1","1","1","1","1","0","0","0","0","0","1","1","1","1","0","1","0","0","0","1","0","1","1","0","1","0","0","1","0","1","0","1","1","1","1","1","1","0","1","1","1","1","0","0","1","1","1","1","1","1","0","0","0"
"5","Abarca, Jorge","1","1","1","1","1","0","0","1","1","1","1","1","0","0","0","0","0","0","0","0","1","0","1","0","0","0","1","1","0","0","1","0","1","1","0","1","1","1","1","0","1","1","1","0","1","1","0","0","1","0","0","0","0","1","1","1","0","1","0","1","1","0","1","1","1","1","1","1","1","1",NA,NA,NA,NA,NA,"0",NA,"0","0","1","1","1","1",NA,"1",NA,"0","0","1","1","0","1","1","1","1","1","1","1","1","0","0","0","0","0","1","1","1","1","0","1","0",NA,NA,"1",NA,"1","1",NA,"1",NA,NA,"1","0",NA,"0","1",NA,"1","1","1",NA,"0","1","1","1","1","0","0",NA,"0","0","1","0","0","0","0","0"
"6","Achurra, Ignacio","1","1","1","1","1","1","0","1","1","1","1","1","0","1","0","0","0","0","1","1","0","0","1","0","0","0","1","1","0","0","0","0","1","1","0","1","1","1","1","0","0","0","0","1","0","1","0","0","1","1","1","0","0","1","0","0","1","1","0","1","1","1","1","1","1","1","1","1","1","1",NA,NA,NA,NA,NA,"0",NA,"0","0","1","1","1","1","1","1","0","0","1","1","1","0","1","0","1","1","1","1",NA,"1","0","0","0","0","0","1","1","1","1","0","1","0","0","0","1","0","1","1","0","1","0","0","1","0","1","0","1","1","1","1","1","1","0","1","1","1","1","0","0","1","1","1","1","1","1","0","0","0"
"7","Aguilera, Tiare","1","1","1","1","1","1","1","1","1","1","0","1","0","1","0","1","1","0","0","0","1","0","1",NA,"1","0","1","1","0","0","0","0",NA,"1","0","1","1","1","1","0","1","1","1","1","0","0","0","0","0","0","1","0","0","0","1","1","0","1","0","1","1","0","1","1","1","1","1","1","1","1",NA,NA,NA,NA,"1","0","1","0","0","1","1","1","1","1","1","1","0","1","1","1","0","1",NA,"1","1","1","1","1","1","1","0","0","0","0","1","1","1","1","0","1",NA,NA,NA,"1","1","1","1","1",NA,NA,NA,"1","0","0","0","1","1","1","1","0","0","0","1","1","1","1","1","1","1","1","1","1","1","1","0","0","1"
"8","Alvarado, Gloria","1","1","1","1","1","1","1","1","1","1","1","1","0","1","0","0","0","0","1","1","0","0","1",NA,"1","0","0","1","0","0","1","0","0","1","0","1","1","1","1","0","1","1","1","1","0","0","0","0","0","0","1","1","1",NA,"1","1","0","1","0","1","1","0","1","1","1","1","1","1","1","1","1","0","0","0",NA,"0",NA,"0","0","1","1","1","1","1",NA,"1","0","1","1","1","0","1","0","1","1","1","1","0","1","0","0","0","0","0","1","1","1","1","0","1","0","0","1","1","1","1","1","1","0","1","1","1","0","0","0","1","1","1","1","0","0","0","1","1","1","1","1","1","1","1","1","1","1","1","1","1","1"
"9","Alvarez, Julio","1","1","1","1","1","1","1","1","1","1","1","1","0","1","0","1","0","0",NA,NA,"1","0","1","1","0","0","1","1","0","0","0","0","0","1","0","1","1","0","1","0","0","0","0","1","0","1","0","0","0","1","0","0","0","1","1","1","0","1","0","1","1","0",NA,NA,"1","1","1","1","1","1",NA,"0",NA,NA,NA,"0",NA,"0",NA,"1","0","1","1","0","1","0","0","1","1","1","0","1","1","1","1","1","1","1","0","0","0","0","0","0","1","0","1","1","0","1","0","0","0","1","0","0","1","0","1","0","0","1","0","1","0","1","1","1","1","1","1","0","1","1","1","1","1","0","1","0","0","1","1","1","1","0","0"
"10","Alvarez, Rodrigo","1","1","1","1","0","0","1","1","0","0","0","1","1","0","1","1","1","1","1","1","0","1","1","1","0","1","1","1","1","1","1","1","1","0","1","1","1","0","0","1","0","0","0","0","1","1","1","1",NA,NA,"0","0","0",NA,"0","0","0","0","1","1","0","0","0","0","1","1","1","1","0","1","1",NA,"0",NA,NA,"0","0","1","1","0","1","1",NA,"0","1","0","1",NA,NA,"0","1","1",NA,"1","0","1","1","1","0","1","1","1","1","1",NA,"1","0",NA,"1","0",NA,NA,"0","0","1",NA,"0","0",NA,NA,"0","0","1",NA,"1",NA,"1","1",NA,"1",NA,"1",NA,NA,"1","1","0","0",NA,"0","0",NA,"0","1","0","0","1"
"11","Alvez, Amaya","1","1","1","1","1",NA,"0","1","1","1","1","1","0","1","0","0","0","0","1","1","0","0","1","0","0","0","1","1","0","0","0","0","1","1","0","1","1","1","1","0","0","0","0","1","0","1","1",NA,"1","1",NA,"0","0","1","1","1","1",NA,"0","1","1","1","1","1","1","1","1","1","1","1","1",NA,NA,"1",NA,"0",NA,"0","0","1","1","1","1","1","1","0","0","1","1","1","0","1",NA,"1","1","1","1",NA,"1","0","0","0","0","0","1","1","1","1","0","1","0","0","0","1","0","1","1","0","1","0","0","1","0","1","0","1","1","1","1","1","1","0","1","1","1","1","0","0","1","1","1","1","1","1","0","0","0"
"12","Ampuero, Adriana","0","1","1","1","1","1","1","1","1","1","1","1","0","1","0","1","0","0","0","1","0","0","1",NA,"1","0","0","1","0","0","1","0","0","1","0","0","1","1","1","0","1","1","1","1","0","1","0","0","0","0","1","1","1","0","1","1","0","1","0","1","1","0","1","1","1","1","1","1","1","1",NA,"0","0",NA,"0","0","0","0","0","1","1","1","1","1","0","1","0","1","1","1","0","1","0","1","1","1","1",NA,"1","0","0","0","0","0","1","1","1","1","0","1","0","0","1","1","1","1","1","1","0","1","1","1","0","0","0","1","1","1","1","0","0","0","1","1","0","0","1","1","1","1","1","1","1","1","1","1","1"
"13","Andrade, Cristóbal","0","1","1","1","1","1","1","1","1","1","1","1","0","1","0","1","0","0","0","1","0","0","1","0","0","0","0","1","0","0","0","0","0","1","0","1","1","0","1","0","1","1","1","1","0","0","0","0","0","0","1","1","1","0","1","1","0","1","0","1","1","0","1","1","1","1","1","1","1","1","1","0","0","0","0","0","1","0","0","1","1","1","1","1","0","1","0","1","1","1","0","1","0","1","1","1","1","0","1","0","0","0","0","0","1","1","1","1","0","1","0","0","1","1","1","1","1","1","0","1","1","1","0","0","0","1","1","1","1","1","0","0","1","1","1","1","1","1","1","1","1","0","1","1","1","1","1"
"14","Antilef, Victorino","1","1","1","1","1","1","1","1","1","1","1","1","0","1","0","0","0","0","0","0","0","0","1","0","1","0","0","1","0","0","0","0","0","1","0","1","1",NA,"1","0","1","1","1","1","0","0","0","0","0","0","1","1","1","0","1","1","0","1","0","1","1","0","1","1","1","1","1","1","1","1","1",NA,NA,"1","1","0","1","0","0","1","1","1","1","1","0","1","0","1","0","1","0","1","0","1","1","1","1","0","1","0","0","0","0","0","1","1","1","1","0","1","0",NA,"1",NA,NA,"1","1","1",NA,"1","1","0","0","0","0","1","1","1","1","1",NA,"0","1","1","1","1","1","1","1","1","1","1","1","1","1","1","1"
"15","Arancibia, Jorge","1","1","1","1","0","0","1","0","0","0","0","1","1","1","1","1","1","1","0","1","0","1","1","1","1","1","1","1","1","1","1","1","1","0","1","1","1","0","0","1","0","0","0","0","1","1","1","1",NA,NA,"0","0","0","1","0","0","0","0","1","1","0",NA,"0","0","1","1","1","0","0","1","0","0","0","0","0","0","0","1","1","0","0","1","0","0","1","0","1","0",NA,NA,"1","1","1","0","1",NA,NA,NA,NA,NA,NA,NA,NA,NA,NA,NA,NA,NA,NA,NA,NA,NA,NA,NA,"0",NA,NA,NA,NA,NA,NA,NA,NA,NA,NA,NA,NA,NA,NA,NA,NA,NA,NA,NA,"1","1","0","0",NA,"0","0",NA,"0","1","0","0","1"
"16","Arauna, Francisca","0","1","1","1","1","0","1","1","1","1","1","1","0","1","0","1","1","0","0","1","0","0","1","0","0","0","0","1","0","0","1","0","0","1","0","0","1","1","1","0","1","1","1","1","0","0","0","0","0","0","1","1","1","0","1","1","0","1","0","1","1","0","1","1","1","1","1","1","1","1","1","0","1",NA,NA,"0","1","0","0","1","1","1","1","1","0","0","0","1","1","1","0","1","0","1","1","1","1","1","1","0","0","0","0","0","1","1","1","1","0","1","0","0","1","0","1","1","1","1","0","1","1","0","0","0","0","1","1","1","1","0","0","0","1","1","1","1","1","1","1","1","1","1","1","1","1","1","1"
"17","Arellano, Marco","0","1","1","1","0","0","1","1","1","1","1","1","0","1","0","1","1","0","0","1","0","0","1","1","1","1","1","1","0","0","1","0","0","1","1","1","1","1","1","0","1","1","1","1","0","0","0","0","0","0","1","1","1","0","1","1","0","1","0","1","1","0","1","1","1","1","1","1","1","1","1",NA,"0","1","1","0","1","0","0","1","1","1","1","1","0","0","0","1","0",NA,"0","1","0","1","1","1","1","0","1","0","0","0","0","0","1","1","1","1","0","1","0","0","1","1","1","1","1","1","0","1","1","1","0","0","0","1","1","1","1","0","0","0","1","1","1","1","1","1","1","1","1","1","1","1","1","1","1"
"18","Arrau, Martín","1","1","1","1","0","0","1","1","0","0","0","1","1","0","1",NA,"1","1","1","1","0","1","1","1","0","1","1","1","1","1","1","1","1","0","1","1","0","0","0","1","0","0","0","0","1","1","1","1",NA,NA,"0","0","0","1","0","0","0","0","1","1","0","0","0","0","0","1","1","0","0","1","0","0","1","0","0","0","0","1","1","0","1","1","0","0","0","0","1",NA,"0","0","1","1","1","1","0","1","1","1","0",NA,"1","1","1","1","0","1","0",NA,"1","0","0",NA,"0","0","1","0","0","0",NA,"0","0","0","0","0","1",NA,NA,"1",NA,"0","0","1","0","0","1","1","0","0","0","0","0",NA,"0","0","0","0","1"
"19","Atria, Fernando","1","1","1","1","1","1","0","1","1","1","1","1","0","1","0","0","0","0","1","1","0","0","1","0","0","0","1","1","0","0","0","0","1","1","0","1","1",NA,"1","0","0","0","0","1","0","1","0","0","1","1","1","0","0","1","0","0","1","1","0","1","1","1","0","0","1","1","1","1","1","1",NA,NA,NA,NA,NA,"0",NA,"0","0","1","1","1","1","0","1","0","0","0","1","1","0","1","0","1","1","1","1","0","1","0","0","0","0","0","1","1","1","1","0","1","0","0","0","1","0","1","1","0","1","0","0","1","0","1","0","1","1","1","1","1","1","0","1","0","1","1","0","0","1","1","1","1","1","1","0","0","0"
"20","Bacian, Wilfredo","1","1","1","1","1","1","1","1","1","1","1","1","0","1","0","0","0","0","0","0","0","0","1","0","0","0","0","1","0","0","0","0","0","1","0","1","1","0","1","0","1","1","1","1","0","1","0","0","0","0","1","1","1","0","1","1","0","1","0","1","1","0","1","1","1","1","1","1","1","1","1",NA,NA,"1","1","0","1","0","0","1","1","1","1","1","0","1","0","1","0","1","0","1","0","1","1","1","1","0","1","0","0","0","0","0","1","1","1","1","0","1","0","0","1","0","1","1","1","1","0","1","1","0","0","1","0","1","1","1","1","1","0","0","1","1","1","1","1","1","1","1","1","1","1","1","1","1","1"
"21","Baradit, Jorge","1","1","1","1","1","1","1","1","1","1",NA,"1","0","1","0","0","0","0","1","1","0","0","1","1","0","0","1","1","0","0","0","0","0","1","0","1","1","1","1","0","0","0","0","0","0","0","0","0","0","1","0","0","0","1","1","1","0","1","0","1","1","1","1","1","1","1","1","1","1","1",NA,NA,"1",NA,NA,NA,NA,NA,"1","1","0","1","1","0","1","0","0","1","1","1","0","1","1","0","1","1","1","1","1","0","0","0","0","0","1","0","1","1","0","1","0","0","0","1","0","1","1","0","1","0","0","1","0","1","0","1","1","1","1","1","1","0","1","1","1","1","0","0","0","0","0","1","1","1","1","0","0"
"22","Baranda, Benito","1","1","1","1","1","0","1","1","1","1","1","1","0","1","0","1","1","0","0","0","1","0","0","1","1","0","1","1","0","0","1","0","0","1","1","1","1","1","1","0","1","1","1","0","1","1","0","0",NA,"0","0","0","0","1","1","1","0","1","0","1","1",NA,"1","1","1","1","1","1","1","1",NA,NA,"1",NA,NA,"0","1",NA,"1","1",NA,"1","1",NA,"1","0","0",NA,"1","1","0","1","1",NA,"1","1","1","1","1",NA,"0","0","0","0","1","1","1","1","0","1","0","0","0","1","0","1","1","0","1","0","0","1","0","1","0","1","1","1","1","1","0","0","1","1","1","1",NA,"0","1","0","0","1","0","1","1","0","1"
"23","Barceló, Luis","1","1","1","1","1","0","1","1","0","1","1","1","0","1","0","1","1","0","0","0","1","0","1","1","1","0","1","1","0","0","1","0","1","1","0","1","1","0","0","0","1","1","1","0","1","1","1",NA,"1","1","1","0","0","1","0","0","1","1","1","0","0","1","1","1","1","1","1","1",NA,"1",NA,NA,"1","0","0","1","0","0","1","0","1","1","1","0","1","0","0","1","1","1","0","1","1","0","1","1","0","1","1","0","0","0",NA,"1","1","1","1","1","1",NA,"0","1","1","1",NA,NA,NA,NA,"1",NA,NA,"1","1","1",NA,"1","1","1",NA,NA,NA,NA,NA,NA,"1","1","0","0","0","1","0","1","1","1","0","0","1"
"24","Barraza, Marcos","1","1","1","1","1","1","1","1","1","1","1","1","0","1","0","0","0","0","0","0","0","0","1","0","1","0","1","1","0","0","1","0","1","1","0","1","1","1","0","0","1","1","1","1","0","0","0","0","0","0","1","1","1","0","1","1","0","0","0","1","0","1","1","1","1","1","1","1","1","1","1","0","0",NA,NA,"0",NA,"0","0","1","1","1","1","1","0","1","0","1","0","1","0","0","0","1","1","1","1","0","1","0","0","0","0","0","1","1","1","1","0","1","0","1","1","0","1","1","1","1","1","1","1","1","0","1","0","1","1","1","1","1","1","0","1","1","1","1","1","1","1","1","1","1","1","1","1","1","1"
"25","Bassa, Jaime","1","1","1","1","1","1","0","1","1","1","1","1","0","1","0","0","0","0","1","1","0","0","1","0","0","0","1","1","0","0","0","0","1","1","0","1","1","1","1","0","0","0","0","1","0","1","0","0","1",NA,"1","0","0",NA,"1","1",NA,"1","0","1","1","1","1","1","1","1","1","1","1","1",NA,NA,NA,NA,NA,"0",NA,"0","0","1","1","1","1","0","1","0","0","1","1","1","0","1","0","1","1","1","1",NA,"1","0","0","0","0","0","1","1","1","1","0","1","0","0","0","1","0","1","1","0","1","0","0","1","0","1","0","1","1","1","1","1","1","0","1","1","1","1","0","0","1","1","1","1","1","1","0","0","0"
"26","Botto, Miguel Ángel","1","1","1","1","1","0","1","0","0","0","0","0","0","0","0","0","1","0","1","0","1","0","0","0","1","1","1","0","0","0","0","0",NA,"1",NA,"1","1","0","1","0","1","1","1","0","1","1","0","0",NA,"0","0","0","0","1","1","1","0","1","0","1","1","0","1","1","1","1","1","1",NA,"1",NA,NA,"1",NA,NA,NA,NA,NA,"1","0","1","1","0","0","1",NA,NA,NA,"1","1","0",NA,"1","0","1","1","1","1","0","0","0","0",NA,NA,"1","1","1","1",NA,"1","0","0","0","1","0","1","1","0","1","0","0","1","1","1","0",NA,"1",NA,NA,NA,NA,NA,NA,NA,"1","1","0","0","1","0","0","1","0","1","0",NA,"0"
"27","Bown, Carol","1","1","1","1","0","0","1","1","0","0","0","1","1","0","1","1","1","1","1","1","0","1","1","1","0","1","1","1","1","1","1","1","1","0","1","1","1","0","0","1","0","0","0","0","1","1","1","1",NA,NA,"0","0","0","1","0","0","0","0","1","1","0",NA,"0","0","1","1","1","1","0","1","0",NA,"0","0","0","0","0","1","1","0","1","1","0","0","1","0","1","0","0",NA,"1","1","1",NA,"0","1","1","1","0","1","1","1","1","1","0","1","0","1","1","0","0",NA,"0","0","1","0","0","0",NA,"0","0","0","1","0","1","0","1","1","0","1","0","1","0","0","1","1","0","0","0","0","0",NA,"0","1","0","0","1"
"28","Bravo, Daniel","1","1","1","1","1","0","1","1","1","1","1","1","0","1","0","1","0","0","0","1","0","0","1","0","0","0","0","1","0","0","1","0","0","1","1","1","1","1","1","0","1","1","1","1","0","0","0","0","0","0","1","1","1","0","1","1","0","1","0","1","1","0","1","1","1","1","1","1","1","1","1","0","0","0","0","0","0","0","0","1","1","1","1","1","0","1","0","1","1","1","0","1","0","1","1","1","1","0","1","0","0","0","0","0","1","1","1","1","0","1","0","0","1","1","1","1","1","1","0","1","1","1","0","0","0","1","1","1","1","1","0","0","1","1","1","1","1","1","1","1","1","1","1","1","1","1","1"
"29","Caamaño, Francisco","0","1","1","1","1","1","1","1","1","1","1","1","0","1","0","1","1","0","0","1","1","0","1","0","0","0","0","1","0","0","0","0","1","1","0","1","1","1","1","0","1","1","1","1","0",NA,"0","0","0","0","1","1","1","0","1","1",NA,"1","0","1","1","0","1","1","1","1","1","1","1","1","1","0","1",NA,NA,"0",NA,"0","0","1","1","1","1","1",NA,"1","0","1","1","1","0","1","0","1","1","1","1","0","1","0","0","0","0","0","1","1","1","1","0","1","0","0","1","1","1","1","1","1","1","1","1","1","0","0","0","1","1","1","1","0","0","0","1","1","1","1","1","1","1","1","1","1","1","1","1","1","1"
"30","Caiguan, Alexis","1","1","1","1","1","1","1","1","1","1","1","1","0","1","0","0","0","0","0","1","0","0","1","1","1","0",NA,"1","0","0","1","0","0","1","0","1","1","1","1","0","1","1","1","1","0","0","0","0","0","0","1","1","1","0","1","1","0","1","0","1","1","1","1","1","1","1","1","1","1","1","1","1","1","1","1","0","1","0","0","1","1","1","1","1","0","1","0","1","0","1","0","1","0","1","1","1","1",NA,"1","0","0","0","0","0","1","1","1","1","0","1","0",NA,"1","0","1","1",NA,"1",NA,"1","1","1","0","0","0","1","1","1","1","1","1",NA,"1","1","1","1","1","1","1","1","1","1","1","1","1","1","1"
"31","Calvo, Carlos","1","1","1","1","1","1","1","1","1","1",NA,"1","0","1","0","0","0","0","1","1","0","0","1","0","0","0","1","1","0","0","1","0","0","1","0","1","1","1","1","0","0","0","0","1","0","1","0","0","0","1","0","0","0","1","1","1","0","1","0","1","1","0","0","0",NA,NA,NA,NA,NA,NA,NA,NA,NA,NA,NA,NA,NA,NA,"1","1","0","1","1","0","1","0","0","1","1","1","0","1","1","1","1","1","1","1","0","0","0","0","0","0","1","0","1","1","0","1","0","0","0","1","0","1","1","0","1","0","0","1","0","1","0","1","1","1","1","1","1","0","1","1","1","1","1","0","1","0","0","1",NA,"1","1","0","0"
"32","Cancino, Adriana","1","1","1","1","1","1","1","1","1","1","1","1","0","1","0","0","0","0","0","1","1","0","1","1","0","0",NA,"1","0","0","1","0","0","1","0","1","1",NA,"1","0","0","0","0","1","0","0","0","0","0","1","0","0","0","1","1","1","0","1","0","1","1","0","1","1","1","1","1","1","1","1",NA,NA,NA,NA,NA,"0",NA,NA,"1","1","0","1","1","0","1","0","0","1","1","1","0","1",NA,"1","1","1","1","1","1","0","0","0","0","0","1","0","1","1","0","1","0","0","0","1","0","1","1","0","1","0","0","1","0","0","0","1","1","1","1","1","1","0","1","1","1","1","1","0","0","0","0","1","1","1","1",NA,"0"
"33","Cantuarias, Rocío","1","1","1","1","0","0","1","0","0","0","0","1","1","0","1",NA,"1","1","1","1","0","1","1","0","0","1","1","1","1","1","1","1","1","0","1","1","0","0","0","1","0","0","0","0","1","1","1","1",NA,NA,"0","0","0",NA,"0","0","0","0","1","1","0","0","0","0","0","1","1","0","0","1","0","0","1","0","0","0","0","1","1","0","1","1","0","0","0","0",NA,"0","0","0","1","1","1","1","0","1","1","1","0","1","1","1","1","0","0","0","0",NA,"1","0","0","0","0","0","1","0","0","0","0","0","0","0",NA,"0","1","0","0","1","0","0","0","1","0","0","1","1","0","0","0","0","0",NA,"0","1","0","0","1"
"34","Carrillo, Alondra","1","1","1","1","1","1","1","1","1","1","1","1","0","1","0","0","0","0","0","1","0","0","1","0","0","0","0","1","0","0","0","0","0","1","0","1","1","1","1","0","1","1","1","1","0","1","0","0","0","0","1","1","1","0","1","1","0","1","0","1","1","1","1","1","1","1","1","1","1","1","1","0","0","0","0","0","0","0","0","1","1","1","1","1","1","1","0","1","1","1","0",NA,"0","1","1","1","1","0","1","0","0","0","0","0","1","1","1","1","0","1","0","0","1","1","1","1",NA,"1","0",NA,"1","1","0","0","0","1","1","1","1","1","0","0","1","1","1","1","1","1","1","1","1","1","1","1","1","1","1"
"35","Castillo, Eduardo","1",NA,"1","1","1","0","1","1","1","1","0","1","0","0","0","0","1","0","0","0","1","0","0","1","1","0","1","1","0","0","0","1","0",NA,"0","1","1","1","1","0","1","1","1","0","1","1","1",NA,"1","0","0","0","0","1","1","1","1","1","0","1","1","0",NA,"1","1","1","1","1","0","1","0",NA,NA,NA,NA,"0",NA,NA,"1","0","0","1",NA,"0","1","0","0","0","1","1","0","1","1",NA,NA,"1","1","1","1","1",NA,"1",NA,"0","1","1","1","1","1","1","0","1","0","1","0",NA,"1","0","1","0","0","1","1","0","0","1",NA,"1",NA,"1","1",NA,"1",NA,"1","1","0","0","0","1","1","1","1","1","0","1","0"
"36","Castillo, María Trinidad","1","1","1","1","1","1","1","1","1","1","0","1","0","1","0","0","0","0","0","0",NA,"0",NA,"1","0","0","1","1","0","0","1","0","0","1","0","1","1","1","1","0","0","0","0","1","0","1","0","0","0","1","0","0","0","1","1","1","0","1","0","1","1","0","0","0","1","1","1","1",NA,"1",NA,"0","0","0","0","0",NA,"0","1","0","0","1","1","0","1","0","0",NA,"1","1","0","1","1","0","1","1","1","1","0","0","0","0",NA,NA,"1","0","1","1",NA,"1","0","0","0","1","0","0",NA,"0","1","0","0","1","0",NA,"0","1","1","1","1",NA,"0","0","1","1","1","1","1","0","0","0","0","1","0","1","1","0","0"
"37","Castro, Claudia","1","1","1","1","0","0","1","1","0",NA,"0","1","1","0","1",NA,"1","1","1","1","0","1","1","1","0","1","1","1","1","1",NA,NA,"1","1","1","1","0","0","0","1","0","0","0","0","1","1","1","1",NA,NA,"0","0","0",NA,"0","0","0","0","1","1","0","0","0","0","1","1","1","1","0","1","0",NA,"0","0","0","0","0","1","1","0",NA,"1","0","0","1","0","1","0",NA,NA,"1","1","1","0","0","1","1","1","0","1","1","1","1","1","0","1","0",NA,"1","0","0","0","0","0","0","0","0","0","1","0","0","0","0","0","1","0","0","1","1",NA,NA,"1",NA,NA,"1","1","0","0","0","0","0","1","0","1","0","0","1"
"38","Catrileo, Rosa","1","1","1","1","1","1","1","1","1","1","1","1","0","1","0","0","0","0","0","0","1","0","1","0","0","0","0","1","0","0","0","0","0","1",NA,"1","1","0","1","0","1","1","1","1","0","0","0","0","0","0","1","1","1","0","1","1","0","1","0","1","1","0","1","1","1","1","1","1","1","1","1",NA,NA,"1","1","0","1","0","0","1","1","1","1","1","0","1","0","1","0","1","0","1","0","1","1","1","1","0","1","0","0","0","0","0","1","1","1","1","0","1","0","0","1","1","1","1",NA,"1","0","1","1","1","0","0","0","1","1","1","1","1","0","0","1","1","1","1","1","1","1","1","1","1","1","1","1",NA,"1"
"39","Celedón, Roberto","1","1","1","1","1","1","1","1",NA,"1","0","1","0",NA,"0","1","0","0","0","1","1","0","1","0","1","0","1","1","0","0","1","0","1","1","0","1","1",NA,"1","0","1","1","1","1","0","1","0","0","0","0","0",NA,NA,"0","1","1","0","1","0","1","1",NA,NA,NA,"1","1","1","1",NA,"1","1",NA,NA,NA,NA,"0",NA,"0","1","1","1","1","1","1","0","1","0","1","1","1","1","1","1","1","1","1","1","1","1","1","0",NA,"0","0","1","1","1","1","0","1","0","1","1","1","1","1","1","1","1","1",NA,"1","0","1",NA,"1","1","1","1","1","1",NA,"1","1","1","1",NA,NA,"1","1",NA,"1","1","1","1","1","1"
"40","Celis, Raúl","1","1","1","1",NA,"0","1",NA,"0","0","0","0",NA,"0",NA,NA,"1","1","0",NA,"1","0","1","1","1","0",NA,NA,"1","0","0","0","1","1","1","1",NA,NA,"0","1","0","0","0","0","1","1","1","1","0",NA,"0","0","0",NA,"0","0","0","0","1","1","0","0","0","0","1","1","1","1","0","1","0","0","0","0","0","0","0","1","1","0","1","1","0","0","1","0","1",NA,"0",NA,"1","1","1","1","0",NA,"1","1",NA,"1","1","1","1","1",NA,"1","0",NA,"1","0","0","0","0","0","0","0","0","0",NA,"0","0","0","1","0","1","0","0","0","0","0","0","1","0","0","1","1","0","0","1","0","0","1",NA,"1","0","0",NA
"41","Céspedes, Lorena","1","1","1","1","1","0","0","1","1","1","1","1","0",NA,"0","0","0","0","0","0","0","0","0","0","1","0","1","1","0","0","1","0",NA,"1","1","1","1","0","1","0","0","0","0","0","1","1","0","0",NA,"0","0","0","0","1","1","1","0","1","0","1","1","0","1","1",NA,NA,NA,NA,"1","1","0",NA,"1",NA,NA,NA,NA,"0","1","1","0","1","1",NA,"1",NA,"0",NA,"1","1",NA,"1","1",NA,NA,NA,"1","1","0","0","0","0","0",NA,"1","1","1","1","0","1","0","0","0","1","0",NA,"1","0","1","0","0","1","0","1","0","1","1","1","1","1","0","0","1","1","1","1","0","0",NA,"0","0","1","0","1","0",NA,"0"
"42","Chahín, Fuad","1","1","1","1","1","0","1","1","1","1","0","1","1","0",NA,"1","1","0","0","0","1","1",NA,"1","1","1","0","1","0","1","0",NA,"1","1","0","1","1","1",NA,"0","1","1","1","0","1","1","1",NA,"1","0","0","0","0","1","0","0","0","1","0",NA,NA,NA,"1","1",NA,NA,"1","1",NA,"1",NA,NA,NA,NA,NA,NA,NA,NA,"1","0","1",NA,NA,"0",NA,NA,"0","1","1","1",NA,"1","0","1","1","1","1","1",NA,"1","1","1","1","0","1","1","1","1","1",NA,NA,"0","0","1","1",NA,NA,"0","1",NA,NA,"1","1","1",NA,"1","1","1","1","1","1",NA,"1","1","1","1","0","0","1",NA,"0","1",NA,"1","0","0","1"
"43","Chinga, Eric","0","1","1","1","1",NA,"1","1",NA,"1","1","1","0","1","0","0","0","0","0","0","0","0","1","0","0","0","0","1","0","0","1","0","1","1","0","1","1","1","1","0","1","1","1","1","0","0","0","0","0","0","1","1","1","0","1","1","0","1","0","1","1","0","1","1","1","1","1","1","1","1",NA,"0",NA,"1","1","0","1","0","0","1","1","1","1","1","0","1","0","1",NA,"1","0","1","0","1","1","1","1","0","1","0","0","0","0","0","1","1","1","1","0","1","1","1","1","0","1","1","1","1","0","1","1","0","0","0","0","1","1","1","1","1","0","0","1","1","1","1","1","1","1","1","1","1","1","1","1","1","1"
"44","Cozzi, Ruggero","1","1","1","1","0","0","1","1","0",NA,"0","1",NA,NA,"1",NA,"1",NA,NA,"1","1",NA,"1","1",NA,"0","1","1","1","0","0","0","1",NA,NA,"1","1","0","0","1","0","0","0","0","1","1","1","1","1",NA,"0","0","0","1","0","0","0",NA,"1","1","0","0","0","0","1","1","1","1",NA,"1",NA,NA,"1",NA,NA,"1",NA,"1","1","0","1","1","0","0","1","0","1","0",NA,NA,NA,"1","1","0","0","1","1","1","0","1","1","1","1","1",NA,"0","0",NA,"1",NA,NA,NA,NA,"1","0",NA,"0",NA,"1","0",NA,NA,"1","0","1","1","1","1",NA,"1",NA,"1",NA,NA,"1","1","0","0","1",NA,"0",NA,"0","0","0","0","1"
"45","Cretton, Eduardo","1","1","1","1","0",NA,"1","1","0","0","0","1","1","0","1","1","1","1","1","1","0","1","1","0","0","1","1","1","1","1","1","1","1","0","1","1","1","0","0","1","0","0","0","0","1","1","1","1",NA,NA,"0","0","0",NA,"0","0","0","0","1","1","0","0","0","0","1","1","1","1","0","1","0","0","0","0","0","1","0","1","1","0","1",NA,"0","0","1","0","1","1",NA,"0","1","1","1","1","0","1","1","1","0",NA,NA,"1","1",NA,NA,"1","0","1","1","0","0","0","0","0","1","0","0","0","1","0",NA,"0","0",NA,"1",NA,"1","1","0","0","0","1","0","1","1","1","0","0","0","0","0",NA,"0","1","0","0","1"
"46","Cruz, Andrés","1","1","1","1","1","1","1","1","1","1","0","1","0","1","0","0","0","0","1","1","1","0","0","1","1","0","1","1","1","0","0","0","0","1","0","1","1","1","1","0","0","0","0","0","1","1","1",NA,"0","1","0","0","0","1","1","1","0","1","0","1","1","0","0","0","1","1","1","1","1","1","0","1","1","0","1","1","1","1","1","0","0","0","0","0","1","0","1","0","1","1","1","0","1","0","0","0","0","1","0","0","0","0","1","0","1","0","1","1","0","1","0","0","0","1","0","0","0","0","1","0","0","1","0","1","0","0","0","0","0","1","1","1","0","0","1","1","1","0","0","0","0","1","0","1","0","0","1"
"47","Cubillos, Marcela","1","1","1","1","0","0","1","1","0","0","0","1","1","0","1","1","1","1","1","1","0","1","1","1","0","1","1","1","1","1","1","1","1","0","1","1","1","0","0","1","0","0","0","0","1","1","1","1",NA,NA,"0","0","0",NA,"0","0","0","0","1","1","0","0","0","0","0","1","1",NA,"0","1","0","0","0","0","0","0",NA,NA,NA,"0","1",NA,"0","0","0","0",NA,"0","0","0","1","1","1",NA,"0","1","1","1","0","1","1","1",NA,NA,"0",NA,"0","0","1","0","0","0","0","0","1",NA,"0","0",NA,"0","0","0","1","0","1","0",NA,"1","0",NA,"0","1",NA,NA,"1","1","0","0",NA,"0","0",NA,"0","1","0","0","1"
"48","Daza, Mauricio",NA,"1","1","1","1","1","1","1","1","1","0","1","0","1","0","0","0","0","0","0","1","0","1","0","1","0","1","1","0","0","0","0","1","1","0","1","1","1","1","0","1","1","1","0","1","1","0","0","0","0","0","0","0",NA,"1","1","0","1","0","1","1","1","1","1","1","1","1","1",NA,"1","1","1","1",NA,"1",NA,"1",NA,"1","1","1","1",NA,NA,"1",NA,"0",NA,NA,"1","1","1","1","1","1","1","1","1",NA,"1",NA,NA,NA,"1","1","1","1","1","0","1","1","0","1","1",NA,"1","1",NA,"1",NA,NA,"1","0",NA,"0","1","1",NA,"1","1","1",NA,"1","1","1","1","0","0","1","1",NA,"1","1","1","1","1","0"
"49","De la Maza, Bernardo","1","1","1","1",NA,"0","1","1","0","1","0","1","1","1","1","1","1","1","1","1","0","0","1","0","1","1","1","1","1","0","0","1","0","0","1","1","1",NA,NA,"1","0","0","0","0","1","1","1","1",NA,"0","0","0","0","1","0","0","0",NA,"1","1",NA,NA,"0","0","1","1","1","1",NA,"1","0","0","0","0","0",NA,NA,NA,"1","0","1","1",NA,"1","1","0",NA,"1",NA,NA,"1","1","1",NA,"1","1","1","1","0","0","1","1","1",NA,"1","1",NA,NA,"1",NA,NA,"1","1","1",NA,NA,"0",NA,"1",NA,NA,"1","1",NA,NA,NA,"1","1",NA,"1",NA,"1",NA,NA,"1","1",NA,"0","1",NA,"0","1","0","1","0","0","1"
"50","Delgado, Aurora","1","1","1","1","1","1","0","1","1","1","1","1","0","1","0","0","0","0","1","1","0","0","1","1","0","0","1","1","0","0","0","0","0","1","0","1","1","1","1","0","0","0","0","1","0","1","1",NA,"1","1","1","0","0","1","1","1","1","1","0","1","1","1","1","1","1","1","1","1","1","1","1",NA,NA,"1",NA,"0",NA,"0","0","1","1","1","1","1","1","0","0","1","1","1","0","1","0","1","1","1","1","0","1","0","0","0",NA,"0","1","1","1","1","0","1","0","0","0","1","0","1","1","0","1","0","0","1","0","1","0","1","1","1","1","1","1","0","1","1","1","1","0","0","1","1","1","1","1","1","0","0","0"
"51","Domínguez, Gaspar","1","1","1","1","1","0","1","1","1","1","1","1","0","1","0","0","0","1","0","0","1","0","0","1","1","1","1","1","0","0","1","0","0","1","1","1","1","1","1","0","1","1","1","0","1","1","1",NA,"0","0","0","0","0","1","1","1","0","1","0","1","1",NA,"1","1","1","1","1","1","0","1","0",NA,"1",NA,NA,"0",NA,"0","1","0","0","1","0","0","1","0","0","0",NA,"1","0","1","1","1",NA,"1","1","1","0","0","0","0","0","0","1","1","1","1","0","1","0","0","0","1","0","1","1","0","1","0","0","1","0","1","0","1","1","1","1","1","0","0","1","1","1","1","0","0","1","0","1","1","0","1","0","0","0"
"52","Dorador, Cristina","1","1","1","1","1","1","0","1","1","1","1","1","0","1","0","0","0","0","0","1","0","0","1","0","0","0","1","1","0","0","0","0","1","1","0","1","1","1","1","0","1","1","1","1","0","1","0","0","0","0","1","1","1","1","1","1","0","1","0","1","1","0","1","1","1","1","1","1","1","1","1",NA,"1",NA,"1","0","1","0","0","1","1","1","1","1","1","1","0","1","1","1","0","1","0","1","1","1","1","0","1","0","0","0","0","0","1","1","1","1","0","1","0","0","1","1","1","1","1","1","0","1","1","1","0","0","0","1","1","1","1","1","0","0","1","1","1","1","1","1","1","1","1","1","1","1","1","1","1"
"53","Fernández, Patricio","1","1","1","1","1","1","1","1",NA,"1","0","1","0",NA,"0","0","1","0","1","1","0","0","1","0","0","0","1","1","0","0","1","0","1","1","0","1","1",NA,"1","0","1","1","1","0","1","1","0","0","0","0","0","0","0","1","0","0","0","1","0","1","1","0","1","1","1","1","1","1",NA,"1",NA,NA,NA,NA,NA,"0",NA,"0","1","1","0","1","1","0","1","0","0",NA,"1","1","1","1","1",NA,"1","1","1","1",NA,"0","0","0","1","0","1","1","1","1",NA,"1","0","0","0","1","0",NA,"1","0","1",NA,NA,"1","0","0","0","1","1","1","1","1",NA,NA,"1","1","1","1","0","0",NA,"1","0","1","1","1","1","0","0"
"54","Flores, Alejandra","0","1","1","1","1","1","1","1","1","1","1","1","0","1","0","0","0","0","0","0","0","0","0","0","0","0","0","1","0","0","0","0","0","1","0","1","1",NA,"1","0","1","1","1","1","0","0","0","0","0","0","1","1","1","0","1","1","0","1","0","1","1","0","1","1","1","1","1","1","1","1",NA,"0","1","0","1","0","1","0","0","1","1","1","1","1","0","1","0","1",NA,"1","0","1","0","1","1","1","1","1","1","0","0","0","0","0","1","1","1","1","0","1","0","0","1",NA,"1","1","1","1","0","0","1","1",NA,"0","0","1","1","1","1","0","0","0","1","1","1","1","1","1","1","1","1","1","1","1","1","1","1"
"55","Fontaine, Bernardo","1","1","1","1","0","0","1","0","0","1","0","1","1","0","1","0",NA,"1","1","1","0","0","1","1","0","0","1","1","1","0","1","0","1","1","1","1","1","0","0","1","0","0","0","0","1","1","1","1",NA,NA,"0","0","0",NA,"0","0","0","0","1","1","0","0","0","0",NA,NA,"1","1","0","1","0",NA,NA,"0","0","0",NA,"1","1","0","1","1","0","0",NA,"0","1","0",NA,NA,"1","1","1",NA,"0","1","1","1","0","1","1","1","1",NA,NA,NA,NA,NA,NA,NA,NA,"0",NA,"0",NA,"0","0","0","0","0","0",NA,"1","0","1","0","1","1","0","1","1","1","0",NA,"1","1","0","0","0","0","0","1","0","0","0","0","1"
"56","Fuchslocher, Javier","1","1","1","1","1","1","1","1","1","1",NA,"1","0",NA,"0","0","0","0","0","0","0","0","0","0","1","0","1","1","0","0","1","0",NA,"1","1","1","1","0","1","0","1","1","1","0","1","1","0","0",NA,"0","0","0","0","1","1","1","0","1","0","1","1","0","1","1",NA,NA,NA,NA,NA,NA,NA,NA,NA,NA,NA,NA,NA,NA,"1","1","0","1","1","0","1",NA,"0",NA,"1","1","0","1","1",NA,NA,"1","1","1",NA,"0","0","0","0","0","1","0","1","1","0","1","0","0","0","1","0",NA,"1","0","1","0","0","1","0","0","0","1","1","1","1","1","0","0","1",NA,"1","1","0","0",NA,"1","1","1","0","1","0",NA,"1"
"57","Gallardo, Bessy","1","1","1","1","1","0",NA,"1","1","1","1","1","0","1","0","0","0","0","0","0",NA,"0","0","1","1","0","1","1","0","0","1","0","0","1","0","1","1","1","1","0","1","1","1","0",NA,"1",NA,NA,"0","0","0","0","0","1","1","1","0","1","0","1","1",NA,"1","1","1","1","1","1",NA,"1",NA,NA,NA,NA,NA,"0",NA,"0","1","0","0","1",NA,NA,"1","0","0",NA,"1","1","0","1","1","1","1","1","0","1","0","0","0","0",NA,"0","1","1","1","1","0","1","0","1","1","1","1","0","1","1","1","1","1","1","0","1","0","1","1","1","1","1","1","0","1","1","1","1",NA,"0",NA,NA,"1","1","1","1",NA,NA,"1"
"58","Galleguillos, Félix","1","1","1","1","1","1","1","1","1","1","1","1","0","1","0","0","0","0","0","1","0","0","1","1","1","0",NA,"1","0","0","0","0","0","1","0","1","1","1","1","0","1","1","1","1","0","1","0","0","0","0","1","1","1","0","1","1","0","1","0","1","1","1","1","1","1","1","1","1","1","1","1","1","1","1","1",NA,"1","0","0","1","1","1","1","1","0","1","0","1","1","1","0","1","0","1","1","1","1","1","1","0","0","0","0","0","1","1","1","1",NA,"1","0",NA,"1","1","1","1",NA,"1",NA,"1","1","1","0","0","0","1","1","1","1","0","1",NA,"1","1","1","1","1","1","1","1","1","1","1","1","1","1","1"
"59","Garín, Renato","1","1","1","1","1","1","1","1","1","1","1","1","0","1","0","1","1","0","0","0","1","0","1","0","1","0","1","1","0","0","0","0","0","1","1","1","1","1",NA,"0","1","1","1","1","1","1","0","0","1","0","1","1","1","0","1","1","0","1",NA,NA,NA,NA,NA,"1","1","1","1","1","1","1","1","0","1","0","0","0","0","0","0","1","1","1","1","1","1","1","0","1","0","1","1","1","1","1","1","1","1","1","1","1","1","0","0","1","1","1","1","1","0","1","0","1","1","1","1","1","1","1","1","1","1","1","1","1","0","1","1","1","1","0","0","0","1","1","1","1","1","1","1","1","1","1","1","1","1","1","1"
"60","Giustinianovich, Elisa","1","1","1","1","1","1","1","1","1","1","1","1","0","1","0","0","0","0","0","1","0","0","1","1","0","0","0","1","0","0","0","0","0","1","0","1","1","0","1","0","1","1","1","1","0","0","0","0","0","0","1","1","1","0","1","1","0","1","0","1","1","0","1","1","1","1","1","1","1","1","1","0","0","0","0","0","0","0","0","1","1","1","1","1","0","1","0","1","1","1","0","1","0","1","1","1","1","0","1","0","0","0","0","0","1","1","1","1","0","1","0","0","1","1","1","1","1","1","0","1","1","1","0","0","0","1","1","1","1","0","0","0","1","1","1","1","1","1","1","1","1","1","1","1","1","1","1"
"61","Godoy, Isabel","1","1","1","1","1","1","0","1","1","1","1","1","0","1","0","0","0","0","1","0","0","0","1","0","1","0","0","1","0","0","1","0","1","1","0","1","1","1","1","0","1","1","1","1","0","0","0","0","0","0","1","1","1","0","1","1","0","1","0","1","1","0","1","1","1","1","1","1","1","1","1",NA,NA,"1","1","0","1","0","0","1","1","1","1","1","0","1","0","1","0","1","0","1","0","1","1","1","1","0","1","0","0","0","0","0","1","1","1","1","0","1","0",NA,"1","0","1","1","1","1","0","1","1",NA,"0","1","0","1","1","1","1","1","1","0","1","1","1","1","1","1","1","1","1","1","1","1","1","1","1"
"62","Gómez, Claudio","1","1","1","1",NA,"1","1","1","1","1","1","1","0","1","0","0","0","0","1","1","0","0","1","1","0","0","1","1","0","0","0","0","0","1","0","1",NA,NA,"1","0","0","0","0","1","0","1","0","0","1","1","0","0","0","1","1","1",NA,"1","0","1","1",NA,"0","0","1","1","1","1","1","1",NA,NA,"1",NA,NA,"0",NA,"0","1","1","0","1","1","0","1","0","0","1","1","1","0","1","1",NA,"1","1","1","1","0","0","0","0","0","0","1","0","1","1","0","1","0","0","0","1","0","1","1","0","1","0","0","1","0","0","0","1","1","1","1","1","0","0","1","1","1","1","1","0","0","1","0","1","1","1","1","0","0"
"63","Gómez, Yarela","1","1","1","1","1","1","0","1","1","1","1","1","0","1","0","0","0","0","1",NA,"0","0","1",NA,"0","0","1","1","0","0","0","0","0","1","0","1","1","1","1","0","0","0","0","1","0","1","0","0","1","1","0","0","0","1","1","1",NA,NA,"0","1","1","1","1","1","1","1","1","1",NA,"1",NA,NA,NA,NA,NA,"0",NA,"0","0","1","1","1","1","1","1","0","0",NA,"1","1","0","1","0","1","1","1","1",NA,"1","0","0","0","0","0","1","1","1","1","0","1","0","0","0","1","0","1","1","0","1","0","0","1","0","1","0","1","1","1","1","1","1","0","1","1","1","1","0","0","1","1","1","1","1","1","0","0","0"
"64","González, Dayana","0","1","1","1","0","1","1","1","1","1","1","1","0","1","0","1","1","0","0","1","0","0","1","1","0","0","0","1","0","0","1","0","1","1","0","1","1","1","1","0","1","1","1","1","0","0","0","0","0","0","1","1","1","0","1","1","0","1","0","1","1","0","1","1","1","1","1","1","1","1","1",NA,"0",NA,"0","0","0","0","0","1","1","1","1","1","0","0","0","1","1","1","0","1","0","1","1","1","1","0","1","0","0","0","0","0","1","1","1","1","0","1","0","0","1","1","1","1","1","1","0","0","1","1","0","0","0","1","1","1","1","0","0","0","1","1","1","1","1","1","1","1","1","0","1","1","1","1","1"
"65","González, Lidia","1","1","1","1","1","1","1","1","1","1","1","1","0","1","0","0","0","0","0","0","0","0","1","0","1","0","0","1","0","0","1","0","0","1","0","1","1","1","1","0","1","1","1","1","0","0","0","0","0","0","1","1","1","0","1","1","0","1","0","1","1","1","1","1","1","1","1","1","1","1","1",NA,NA,"1","1","0","1","0",NA,NA,NA,NA,NA,NA,NA,NA,NA,NA,NA,NA,NA,NA,NA,NA,NA,NA,NA,NA,NA,NA,NA,NA,NA,NA,NA,NA,NA,NA,NA,NA,NA,NA,NA,NA,NA,NA,NA,NA,NA,NA,NA,NA,NA,NA,NA,NA,NA,NA,NA,NA,NA,NA,NA,NA,"1","1","1","1","1","1","1","1","1","1","1","1","1"
"66","Grandón, Giovanna","0","1","1","1","1","1","0","1","1","1","1","1","0","1","0","1","0","0","0","1","0","0","1","0","0","0","0","1","0","0","1",NA,"1","1",NA,NA,"1","0","1","0","1","1","1","1","0","0","0","0","0","0","1","1","1","0","1","1","0","1","0","1","1","0","1","1","1","1","1","1","1","1","1",NA,NA,"1","1","0","1","0","0","1","1","1","1","1","1","1","0","1","1","1","0","1",NA,"1","1","1","1",NA,"1","0","0","0","0","0","1","1","1","1","0","1","0","0","1","0","1","1","1","1",NA,NA,"1",NA,"0","0","0","1","1","1","1",NA,NA,"0","1","1","1","1","1","1","1","1","1",NA,"1","1","1","1","1"
"67","Grandón, Paola","1","1","1","1","1","1","1","1","1","1","1","1","0","1","0","0","0","0","0","0","0","0","1","0","0","0","1","1","0","0","1","0","0","1","0","1","1","1","0","0","1","1","1","1","0","0","0","0","0","0","1","1","1","0","1","1","0","0","0","1","0","0","1","1",NA,NA,NA,NA,NA,NA,NA,NA,NA,NA,NA,NA,NA,NA,"0","1","1","1","1","1","0","1","0","1","0","1","0","1","0","1","1","1","1","0","1","0","0","0","0","0","1","1","1","1","0","1","0",NA,"1","0","1","1","1","1","0","1","1","1","0","1","0","1","1","1","1","1","1","0","1",NA,"0","0","1","1","1","1","1","1","1","1","1","1","1"
"68","Gutiérrez, Hugo",NA,"1","1",NA,"1","1","1","1","1","1","1","1","0","1","0","0","0","0","0","0","0","0","1","0","1","0","1","1","0","0","1","0","0","1","0","1","1","1","0","0","1","1","1","1",NA,"0","0","0","0","0","1","1","1","0","1","1","0","0","0","1","0","1","1","1","1","1","1","1","1","1","1",NA,"0",NA,NA,"0","1","0","0","1","1","1","1","1","0","1","0","1","0","1","0","0","0","1","1","1","1","0","1","0","0",NA,"0",NA,"1","1","1","1","0","1","0","1","1","0","1","1","1","1","1","1","1","1","0","1","0","1","1","1","1","1","1","0","1","1","1","1","1","1","1","1","1","1","1","1","1","1","1"
"69","Harboe, Felipe","1","1","1","1","1","0","1","1","0","0","0","1","0","0","0","0","1","0","0","1","1","0","1","1","1","1","1","1","0","1","0","1","1","1","1","1",NA,NA,NA,NA,NA,NA,NA,NA,NA,NA,NA,NA,NA,NA,NA,NA,NA,NA,NA,NA,NA,NA,NA,NA,NA,NA,NA,NA,NA,NA,NA,NA,NA,NA,NA,NA,NA,NA,"0",NA,NA,NA,NA,NA,NA,"1","1","0","1","0","0","0",NA,NA,NA,NA,NA,NA,NA,NA,NA,NA,NA,NA,NA,NA,NA,NA,NA,NA,NA,NA,NA,NA,NA,NA,NA,NA,NA,NA,NA,NA,NA,NA,NA,NA,NA,NA,NA,NA,NA,NA,NA,NA,NA,NA,NA,NA,"1","1","0","0","0","0","0","1","1","1","0","0","1"
"70","Henríquez, Natalia","0","1","1","1","1","1","1","1","1","1","1","1","0","1","0","1","0","0","0","1","0","0","1","0","0","0","0","1","0","0","0","0","0","1","0","1","1","0","1","0","1","1","1","1","0","0","0","0","0","0","1","1","1","0","1","1","0","1","0","1","1","0","1","1","1","1","1","1","1","1","1","0","0","0","0","0","1","0","0","1","1","1","1","1","0","1","0","1","0","1","0","1","0","1","1","1","1",NA,"1","0","0","0","0","0","1","1","1",NA,"0","1","0","0","1","1","1","1","1","1","0","1","1","1","0","0","0","1","1","1","1","1","0","0","1","1","1","1","1","1","1","1","1","0","1","1","1","1","1"
"71","Hoppe, Vanessa","0","1","1","1","1","1","1","1","1","1","1","1","0","1","0","0","0","0","0","1","0","0","1","0","0","0","0","1","0","0","0","0","0","1","0","1","1","0","1","0","1","1","1","1","0","0","0","0","0","0","1","1","1","0","1","1","0","1","0","1","1","0","1","1","1","1","1","1","1","1","1","0","0",NA,NA,"0",NA,NA,"0","1","1","1","1","1","0","1","0","1","1","1","0","1","0","1","1","1","1","0","1","0","0",NA,"0","0","1","1","1",NA,"0","1","0","0","1","1","1","1","1","1","0","1","1","1","0","0","0","1","1","1","1","1","0","0","1","1","1","1","1","1","1","1","1","0","1","1","1","1","1"
"72","Hube, Constanza","1","1","1","1","0","0","1",NA,"0","0","0","1","1","0","1","1","1","1","1","1","0","1","1","1","0","1","1","1","1","1","1","1","1","0","1","1",NA,NA,"0","1","0","0","0","0","1","1","1","1",NA,NA,"0","0","0",NA,"0","0","0","0","1","1","0","0","0","0","1","1","1",NA,"0","1","0","0","0","0","0","0","0",NA,"1","0","1","1","0","0","0","0",NA,"0","0","0","1","1","1","1","0","1","1","1","0","1","1","1","1",NA,"0","1","0",NA,"1","0","0","0","0","0","1",NA,"0","0","0","0","0","0","1","0","1","0",NA,"1","0",NA,"0","1","0","0","1","1","0","0",NA,"0","0",NA,"0",NA,"0","0","1"
"73","Hurtado, Maximiliano","1","1","1","1","1","1","1","1","1","1",NA,"1","0","1","0","0","0","0","0","0","0","0",NA,"1","0","0","1","1","0","0","0","0","0","1","1","1","1","1","1","0","0","0","0","1",NA,"1","0","0","0","1","0","0","0","1","1","1","0","1","0","1","1","0","0","0","1","1","1","1",NA,"1",NA,NA,"0",NA,NA,"0",NA,"0","1","0","0","1",NA,"0","1","0","0","1","1","1","0","1","1","0",NA,"1","1","1","0","0","0","0","0","0","1","0","1","1","0","1","0","0","0","1","0",NA,NA,"0","1","0","0","1","0","0","0","1","1","1","1",NA,"0","0","1","1","1","1","1","0",NA,"0","0","1","0","1","1","0","0"
"74","Hurtado, Ruth","1","1","1","1","0",NA,"1","1","0","1","0","1","1",NA,NA,"1","1","1","1","1","1",NA,"1","1","0","1","1","1",NA,"1","1","0","1","1","1","1","1","0","0","1","0","0","0","0","1","1","1","1","1","1","0","0","0","0","0","0","0","0","1","1","0","0",NA,"1","1","1","1","1","0","1","0",NA,"1","0","0","0","0","1","1","0","1","1","0","0","1","0","1","0",NA,NA,"1","1","1","0","0","1",NA,"1","0","1","1","1","1","1","0","1","0",NA,"1","0","0","0","0","0","0","0","0","0",NA,"0","0","0","1","0","1","0","0",NA,NA,"0",NA,"1","0",NA,"1","1","0","0",NA,"0","0","1","0","1","0","0","1"
"75","Jiménez, Luis","1","1","1","1","1","1","1","1","1","1","1","1","0","1","0","0","0","0","0","0","0","0","1","0",NA,"0","0","1","0","0","0","0","0","1","0","1","1",NA,"1","0","1","1","1","1","0","1","0","0","0","0","1","0","0","1","1","1","0","1","0","1","1","0","1","1","1","1","1","1","1","1","1","0",NA,NA,"1",NA,"1","0","0","1","1","1","1","1","1","1","0","1","1","1","0","1","0","1","1","1","1",NA,"1","0","0","0",NA,"0","1","1","1","1","0","1","1","0","1","1","1","1","1","1",NA,"1","1","1",NA,NA,"0","1","1","1","1",NA,"0",NA,"1",NA,"1","1","1","1","1","1","1","1","1","1","1","1","1"
"76","Jofré, Alvaro","1","1","1","1","0","0","1","1",NA,NA,"0","1","1",NA,"1",NA,NA,NA,NA,"1","0",NA,"1","1",NA,NA,"1","1",NA,NA,"1","0","1","1","1","1","1","0","0","1","0","0","0","0","1","1","1","1",NA,NA,"0","0","0",NA,"0","0","0","0","1","1","0",NA,"0","0","1","1","1","1",NA,"1","0",NA,"0","0","0","0",NA,"1","1","0","1","1",NA,"0","1","0","1",NA,NA,NA,"1","1","1","1","0","1","1","1","0","1","1","1","1","1",NA,"1",NA,NA,"1","0","0",NA,"0","0",NA,NA,"0","0","1","0","0","1","1","0","1","0",NA,"1","0",NA,"0","1","0","0","1","1","0","0","0","0","0","1",NA,"1","0","0","1"
"77","Jurgensen, Harry","1","1","1","1","0","0","1","1","0","0","0","1","1","0","1","1","1","1","1","1","0",NA,"1",NA,"0","1","1","1","1","1","1","1","1",NA,"1","1","0","0","0","1","0","0","0","0","1","1","1","1",NA,NA,"0","0","0",NA,"0","0","0","0","1","1","0","0","0","0","1","1","1","1","0","1","0","0",NA,"0","0",NA,NA,"1","1","0","1","1","0","0","1","0","1",NA,NA,"0","1",NA,"1","1","0","1","1","1","0","1","1","1","1","1","0","1","0",NA,"1","0","0","0","0","0","1","0","0","0",NA,"0","0","0","0","0","1","0","1","1","0","0","0","1","0","0","1","1","0","0","0","0","0","0","0","1","0","0","1"
"78","Labbé, Bastián","1","1","1","1","1","1","1","1","1","1","1","1","0","1","0","0","0","0","0","1","0","0","1","0","0","0","0","1","0","0","0","0","0","1","0","1","1","0","1","0","1","1","1","1","0","0","0","0","0","0","1","1","1","0","1","1","0","1","0","1","1","0","1","1","1","1","1","1","1",NA,"1","0","0","0","0","0","0","0","0","1","1","1","1","1","0","1","0","1","1",NA,"0","1","0","1","1","1","1","0","1","0","0","0","0","0","1","1","1","1","0","1","0","0","1","1","1","1","1","1","0","1","1","0","0","0","0","1","1","1","1","1","0","0","1","1","1","1","1","1","1","1","1","1","1","1","1","1","1"
"79","Labra, Patricia","1","1","1","1",NA,"0","1","1","0",NA,"0","1",NA,"0",NA,NA,NA,NA,NA,"1",NA,NA,"1",NA,NA,"1","1","1","1","1","0",NA,"1","1",NA,"1","0","0","0","1","0","0","0","0","1","1","1","1",NA,NA,"0","0","0","0","0","0","0","0","1","1","0","0","0","0","1","1","1","1","0","1","0",NA,"1","0","0",NA,"1","1","1","0",NA,NA,"0","0","1","0","1","0","1","1","1","1","1","1","0",NA,NA,"1",NA,"1","1","1","1","1","0",NA,"0",NA,NA,"0","0",NA,"0",NA,NA,"0",NA,"0","1","0","0",NA,"1","0","1","0","0","1","0","1",NA,"1","0","0","1","1","0","0",NA,"0",NA,"1",NA,"1","0","0",NA
"80","Labraña, Elsa","0","1","1","1","1","1","1","1","1","1","1","1","0","1","0","1","0","0","0","1","0","0","1","0","1","0","0","1","0","0","0","0","1","1","1","1","1",NA,NA,"0","1","1","1","1",NA,NA,"0","0","0","0","1","1","1","1","1","1","0","1","0","1",NA,"0","1","1","1","1","1","1","1","1","1","1","1","1","1","0","1","0","0","1","1","1","1","1","1","1","0","1","1","1","1","1","0","1","1","1","1",NA,"1","0","0","0","0",NA,NA,NA,"1","1",NA,"1","1","0","1","1","1","1","1","1","1","0","1",NA,"0","0","0","1","1","1",NA,"0","0","0","1","1","1","1","1","1","1","1","1","1","1","1","1","0","1"
"81","Laibe, Tomás","1","1","1","1","1","1","1","1","1","1",NA,"1","0","1","0","0","0","0","0","0","1","0",NA,"1","0","0","1","0","0","0","0","0","0","1","0","1","1","1","1","0","0","0","0","1",NA,"1","0","0","0","1","0","0","0","1",NA,NA,"0","1","0","1","1","1","0","0","1","1","1","1","0","1","0","0","0","0","0","0","0","0","1","0","0","1","1","0","1","0","0","1","1","1","0","1","1",NA,NA,"1","1","1",NA,"0","0","0","0",NA,"1",NA,"1","1","0","1",NA,"0","0","1","0",NA,"1","0","1","0","0","1","0","0","0","1","1",NA,"1",NA,"0","0","1","1","1","1","1","0",NA,"0","0","1","0","1","1","0","0"
"82","Larraín, Hernán","1","1","1","1","0","0","1","1","1","1",NA,"1","1","1","1","1","1","1","1","1","1","0","1","1","0","1","1","1","0","1","1","1","1","1","1","1","1",NA,"0","1","0","0","0","0","1","1","1","1",NA,NA,"0","0","0",NA,"0","0","0","0","1","1","0","0","0","0","1","1","1","1",NA,"1","1",NA,NA,NA,NA,NA,NA,NA,"1","0","0","1",NA,"0","1","0",NA,"0",NA,NA,"1","1","1","0","0","1","1","1","0","1","1","1","1","1","0","1","0",NA,"1","0",NA,"1","0",NA,"0",NA,"0",NA,"1",NA,NA,"1","1",NA,"1","1","1","1",NA,"1",NA,"1","0","0","1","1","0","0","1",NA,NA,"1","0","1","0","0","1"
"83","Letelier, Margarita","1","1","1","1","0","0","1","1","0","0","0","1","1","0","1","1","1","1","1","1","0","1","1","1","0","1","1","1","1","1","1","1","1","1","1","1","0","0","0","1","0","0","0","0","1","1","1","1",NA,NA,"0","0","0","1","0","0","0","0","1","1","0",NA,"0","0","0","1","1","1","0","1","0","0","1","0","0","0","0","1","1","0","1","1","0","0","1","0","1","0",NA,"0","1","0","1","1","0","1","1","1","0","1","1","1","1","1","0","1","0","1","1","0","0","0","0","0","0","0","0","0","1","0","0","0","0","0","1","0","0","1","0","0","0","1","0","0","1","1","0","0","0","0","0",NA,"0","1","0","0","1"
"84","Linconao, Francisca","1","1","1","1","1",NA,NA,NA,NA,NA,NA,NA,NA,NA,NA,NA,NA,NA,NA,NA,NA,NA,NA,NA,NA,NA,NA,NA,NA,NA,NA,NA,NA,NA,NA,NA,"1","1",NA,"0","1","1","1","1","0","0","0","0","0","0","1","1","1","0","1","1","0","1",NA,NA,NA,NA,NA,NA,"1","1","1","1","1","1","1","1",NA,"1","1",NA,NA,NA,"0","1","1","1","1","1","0","1","0","1","0","1","0","1","1","1","1","1","1","1","1",NA,NA,NA,NA,NA,NA,NA,NA,NA,NA,NA,NA,NA,NA,NA,NA,NA,NA,NA,NA,NA,NA,NA,NA,NA,NA,NA,NA,NA,NA,NA,NA,NA,NA,NA,"1","1","1","1","1","1","1","1","1","1",NA,NA,"1"
"85","Llanquileo, Natividad","0","1","1","1","1","1","1","1","1","1","1","1","0","1","0","0","0","0","0","0","0","0","1","1","1","0","0","1","0","0","0","0","0","1","0","1","1",NA,"1","0","1","1","1","1","0","0","0","0","0","0","1","1","1","0","1",NA,"0","1","0","1","1","1","1","1","1","1","1","1","1","1","1","0",NA,NA,"1","0","1","0","0","1","1","1","1","1","0","1","0","1","0","0","0","1","0","1","1","1",NA,"0","1","0","0","0","0","0","1","1","1","1","0","1","0","0","1","0","1","1","1","1","0","1","1","0","0","0","0","1","1","1","1","0","1","0","1","1","1","1","1","1","1","1","1","0","1","1","1","1","1"
"86","Logan, Rodrigo","1","1","1","1","1","0","1","1","0","1","0","1","1","1","0","1","1","0","0","0","1","0","1","1","1","1","1","1","1","1","1","1","1","1","0","1",NA,"0","0","0","1","1","1","0","1","1","0","0","0","0","0","0","0","1","1","1","0","0","1","1","0","1","1","1","1","1","1","0",NA,"1",NA,"0","1",NA,NA,"0",NA,"1","1","0","1","1","0","0","1","0","0","1","0","1","0","1","1","1","1","1","0","1","1","1","1","1","1",NA,NA,NA,"1",NA,NA,NA,"0","0","1","1","1","1","1","1","1","0","1","1","0","0","0","1","1","1","1","1","1","1","1","1","1","1","0","0","1","1","0","0","1","0","0","0","1"
"87","Loncon, Elisa","1","1","1","1","1",NA,NA,NA,NA,NA,NA,NA,NA,NA,NA,NA,NA,NA,NA,NA,NA,NA,NA,NA,NA,NA,NA,NA,NA,NA,NA,NA,NA,NA,NA,NA,"1","1",NA,"0","1","1","1","1","0","0","0","0","0","0","1","1","1","0","1","1","0","1","0","0",NA,"0","1","1","1","1","1","1","1","1","0",NA,"1","1","1",NA,"1",NA,"0","1","1","1","1","1","1","1","0","1","1","1","0","1","0","1","1","1","1","1","1","0","0","0","0","0","1","1","1","1","0","1","0","0","1","1","1","1","1","1","1","1","1","1","0",NA,"0","1","1","1","1","1",NA,NA,"1","1","1","1","0","0","1","1","0","1","1","1",NA,"0","1"
"88","Madriaga, Tania","0","1","1","1","1","1","1","1","1","1","1","1","0","1","0","1","0","0","0","1","0","0","1","0","0","0","0","1","0","0","1","0","0","1","0","1","1","0","1","0","1","1","1","1","0","0","0","0","0","0","1","1","1","0","1","1","0","1","0","1","1","0","1","1","1","1","1","1","1","1","1","0","0","1","1","0","1","0","0","1","1","1","1","1","0","1","0","1","1","1","0","1","0","1","1","1","1","0","1","0","0","0","0","0","1","1","1","1","0","1","0","0","1","1","1","1","1","1","0","0","1","1","0","0","0","1","1","1","1","0","0","0","1","1","1","1","1","1","1","1","1","1","1","1","1","1","1"
"89","Mamani, Isabella","0","1","1","1","1","1","1","1","1","1","1","1","0","1","0","0","0","0","0","0","0","0","1","1","1","0","0","1","0","0","0","0","1","1","0","1","1",NA,"1","0","1","1","1","1","0","0","0","0","0","0","1","1","1","0","1","1","0","1","0","1","1","1","1","1","1","1","1","1","1","1","1",NA,NA,NA,"1","0","1","0","0","1","1","1","1","1","0","1","0","1","0","1","0","1","0","1","1","1","1","1","1","0","0","0","0","0","1","1","1","1","0","1","0","0","1","0","1","1","1","1",NA,"1","1","0","0","0","0","1","1","1","1","0","1","0","1","1","1","1","1","1","1","1","1","0","1","1","1","1","1"
"90","Marinovic, Teresa","1","1","1","1","0","0","1","1","0","0","0","1","1","0","1",NA,NA,"1","1","1","0","1","1","1","0","1","1","1","1","1","1","1","1","0","1","1","1","0","0","1","0","0","0","0","1","1","1","1",NA,NA,"0","0","0",NA,"0","0","0","0","1","1","0","0","0","0","1","1","1","0","0","1",NA,NA,NA,NA,NA,NA,NA,NA,"1","0","1",NA,"0","0","0","0",NA,"0","0","0","1","1","1","1","0","1","1","1","0","1","1","1","1","1","0","0","0","0","1","0","0","0","0","0","1","0","0","0","0","0","0","0","1","0","1","0","0","1","0","0","0","1","0","0","0","0","0","0","0","0","0","0","0","1","0","0","1"
"91","Martín, Juan José","1","1","1","1","1","0","1","1","1","1","1","1","0","1","0","0","0","0","0","0","1","0","0","0","1","0","0","1","0","0","1","0","0","1","1","1","1","1","1","0","1","1","1","0","1","1","0","0","0","0","0","0","0","1","1","1","0","1","0","1","1","0","1","1","1","1","1","1","1","1",NA,NA,"1","1","1",NA,"1",NA,NA,"1","1","1",NA,NA,"1",NA,"0","1","1","1",NA,"1","1","1",NA,"1","1","1",NA,NA,NA,NA,NA,"1","1","1","1","1",NA,"1",NA,"0",NA,"1",NA,NA,"1","1","1",NA,NA,"1","1",NA,NA,"1","1","1",NA,"1",NA,"1","1","1","1","1","1","0","1","0","1","1","0","1","1","0","0"
"92","Martínez, Helmuth","1","1","1","1","0","1",NA,NA,"1","1","1","1","0","1",NA,NA,NA,NA,"0","1",NA,"0","1","1","1","0",NA,"1","0","0","1",NA,NA,"1",NA,"1","1","0","1","0","1","1","1","1","0","1","0","0","0","0","1","1","1","0","1","1","0","1","0","1","1","0","1","1","1","1","1","1","1","1","1",NA,NA,NA,"1",NA,"1",NA,"0","1","1","1","1","1","1","1","1","1","1","1","0","1",NA,"1","1","1","1","1","1","0","0","0",NA,"0","1","1","1","1",NA,"1","0","0","1",NA,"1","1","1","1","1","1","1",NA,"0","0",NA,"1","1","1","1","0",NA,NA,"1","1","1","1","1","1","1","1","1","1",NA,"1","1","1","1"
"93","Mayol, Luis","1","1","1","1","0","0","1","0","0","0","0","1","1","0","1","1","1","1","0","1","0",NA,"1","1",NA,"1","1","1","1","1","0","1","1","0","1","1","1","0","0","1","0","0","0","0","1","1","1","1",NA,NA,"0","0","0","1","0","0","0","0","1","1","0","0","0","0","1","1","1",NA,"0","1","0",NA,"0","0","0","0",NA,"1","1","0","1","1","0","0",NA,"0","1","0","0",NA,"1","1","1",NA,"0","1","1","1","0","1","1","1","1",NA,"0","0","0",NA,NA,"0","0","0","0","0","0","0","0","0",NA,"0","0",NA,"1","0","1",NA,NA,NA,"0",NA,"0","1",NA,NA,"1","1","0","0","1","0","0","1","0","1","0","0","1"
"94","Mella, Jeniffer","1","1","1","1","1","1","0","1","1","1","1","1","0","1","0","0","0","0","1","1","0","0","1","0","0","0","1","1","0","0","0","0","0","1","0","1","1","1","1","0","0","0","0","1","0","1","0","0","1","1","0","0","0","1","1","1","1","0","0","1","1","1",NA,NA,"1","1","1","1","1","1",NA,NA,NA,NA,NA,"0",NA,"0","1","1","1","1","1","0","1","0","0","0","1","1","0","1",NA,"1","1","1","1",NA,"1","0","0","0","0","0","1","1","1","1","0","1","0","0","0","1","0","1","1","0","1","0","0","1","0","1","0","1","1","1","1","1","1","0","1","1","1","1","0","0","1","0","1","1","1","1","0","0","0"
"95","Mena, Felipe","1","1","1","1","0","0","1","1","0",NA,"0","1","1",NA,"1",NA,"1","1","1","1","0",NA,"1","1","0","1","1","1","1","1",NA,"1","1",NA,"1","1","1","0","0","1","0","0","0","0","1","1","1","1",NA,"0","0","0","0","1","0","0","0","0","1","1","0",NA,"0","0","1","1","1","1","0","1","0","0","1","0","0","0","0","1","1","0","1","1","0","0","1","0","1","0",NA,NA,"1","1","1","1","0","1","1","1","0","1","1","1","1","1",NA,NA,NA,"1","1","0",NA,NA,"0",NA,"0",NA,"0","0","1",NA,"0",NA,"1","0","1",NA,"1","1","0","1",NA,"1","0",NA,"1","1","0","0",NA,"0","0","1","0","1","0","0","1"
"96","Meneses, Janis","1","1","1","1","1","1","1","1","1","1","1","1","0","1","0","0","0","0","0","1","0","0","1","0","0","0","0","1","0","0","0","0","0","1","0","1","1","1","1","0","1","1","1","1","0","1","0","0","0","0","1","1","1","0","1","1","0","1","0","1","1","1","1","1","1","1","1","1","1","1","1","0","0","0","0","0","0","0","0","1","1","1","1","1","0","1","0","1","1","1","0","1","0","1","1","1","1","0","1","0","0","0","0","0","1","1","1","1","0","1","0","0","1","1","1","1","1","1","0","1","1","1","0","0","0","1","1","1","1","1","0","0","1","1","1","1","1","1","1","1","1","1","1","1","1","1","1"
"97","Millabur, Adolfo","1","1","1","1","1","1","0","1","1","1","1","1","0","1","0","0","0","0","0","0","1","0","1","0","0","0","0","1","0","0","0","0","0","1","0","1","1","1","1","0","1","1","1","1","0","1","0","0","0","0","1",NA,"1","1","1","1","0","1","0","1","1","0","1","1","1","1","1","1","1","1",NA,NA,NA,"1","1",NA,"1","0","0","1","1","1","1","1","1",NA,"0","1","1","1","0","1",NA,"1","1","1","1","1","1","0","0","0","0","1","1","1","1","1","0","1","1","0","1","1",NA,"1","1","1","1","1","1","1","0","0","0","1","1","1","1",NA,NA,"0","1","1","1","1","1","1","1","1","1","1","1","1","1","0","1"
"98","Miranda, Valentina","1","1","1","1","1","1","1","1",NA,NA,"1","1","0","1","0","0","0","0","0","1","0","0","1","1","0","0","1","1","0","0","1","0","1","1","0","1","1","1","0","0","1","1","1","1","0","0","0","0","0","0","1","1","1","0","1","1","0","0","0","1","0","1","1","1","1","1","1","1","1","1","1","0","0","1","1","0","1","0","0","1","1","1","1","1","0","1","0","1","1","1","0","0","0","1","1","1","1","0","1","0","0","0",NA,"0","1","1","1","1","0","1","0","1","1","0",NA,"1","1","1","0","1","1","1","0","1","0","1","1","1","1","1","1","0","1","1","1","1","1","1","1","1","1","1","1","1","1","1","1"
"99","Monckeberg, Cristian","1","1","1","1","0","0","1","0","1","1","0","1",NA,NA,NA,NA,NA,NA,"1","1","0","0","1","1",NA,"0","1","1",NA,"0","1","0","1","1","1","1","1","0","0","1","0","0","0","0","1","1","1","1",NA,NA,"0","0","0",NA,"0","0","0","0","1","1","0","0",NA,"1","1","1","1","1","1","1",NA,NA,"0","0","0","0",NA,"1","1","0","1","1",NA,"0","1","0",NA,"0",NA,NA,NA,NA,NA,NA,NA,NA,NA,NA,NA,NA,NA,NA,NA,"1","1","1",NA,"1","1",NA,NA,"0","0",NA,NA,NA,NA,"0","1",NA,NA,"1",NA,NA,"1",NA,"1","1","0","1",NA,"1","0",NA,"1","1","0","0",NA,"0",NA,"1",NA,"0","0","0","1"
"100","Montealegre, Katerine","1","1","1","1","0","0","1","1","0","0","0","1","1","0","1","1","1","1","1","1","0","1","1",NA,"0","1","1","1","1","1","1","1","1","0","1","1","0","0","0","1","0","0","0","0","1","1","1","1",NA,NA,"0","0","0","0","0","0","0","0","1","1","0","0","0","0","0","1","1",NA,"0","1","0","0","0","0","0",NA,NA,NA,NA,"0",NA,"1","0","0","0","0",NA,"0","0","0","1","1","1","0","0","1","1","1","0","1","1","1","1","0","0",NA,"0",NA,"1","0","0","0","0","0","0","0","0","0",NA,"0","0","0",NA,"0","1","0","0",NA,"0",NA,NA,"1",NA,NA,"1","1","0","0","0","0","0",NA,"0","1","0","0","1"
"101","Montero, Ricardo","1","1","1","1","1","1","1","1","1","1",NA,"1","0","1","0","0","0","0","1","1","0","0","1","1","0","0","1","1","0","0","1","0","0","1","1","1","1","1","1","0","0","0","0",NA,"0","1","0","0","0","1","0","0","0","1","1","1","0","1","0","1","1","0","0","0","1","1","1","1",NA,"1",NA,NA,"1","0","0","0","0","0","1","1","0","1","1","0","1","0","0","1","1","1","0","1","1",NA,"1","1","1","1","0","0","0","0","0","0","1","0","1","1","0","1","0","0","0","1","0","1","1","0","1","0","0","1","0","0","0","1","1","1","1","1","1","0","1","1","1","1","1","0","0","0","0","1",NA,"1","1","0","0"
"102","Moreno, Alfredo","1","1","1","1","0","0","1","1","0","0","0","1","1","0","1","1","1","1","1","1","0","0","1","1","0","1","1","1","1","1","1","1","1","1","1","1","1","0","0","1","0","0","0","0","1","1","1","1",NA,NA,"0","0","0","1","0","0","0","0","1","1","0","0","0","0","1","1","1","1","0","1",NA,NA,NA,"0","0",NA,NA,"1","1","0","1","1","0","0","1","0","1","0",NA,NA,"1","1","1","1","0","1","1","1","0","1","1","1","1","1","0","0","0","1","1","0","0","0","0","0","1","0","0","0",NA,"0","1","0","1","0","1","0","1",NA,"0","0","0","1","0",NA,"1","1","0","0","1","0","0",NA,"0","1","0","0","1"
"103","Muñoz, Pedro","1","1","1","1","1","1","1","1","1","1",NA,"1","0","1","0","0","0","0","1","1","0","0","1","0","0","0","1","1","0","0","1","0","0","1","1","1","1","1","1","0","0","0","0","1","0","1","0","0","0","1","0","0","0","1","1","1","0","1","0","1","1","0",NA,NA,"1","1","1","1","1","1",NA,NA,"1","0",NA,"0",NA,NA,"1","1","0","1","1","0","1","0","0","1","1","1","0","1","1","1","1","1","1","1","0","0",NA,"0","0","0","1","0","1","1","0","1","0","0","0","1","0","1","1","0","1","0","0","1","0","1","0","1","1","1","1","1","1","0","1","1","1","1","1","0","0","0","0","1",NA,"1","1","0","0"
"104","Namor, Guillermo","1","1","1","1","1",NA,"1","1","1","1","1","1","0","0","0","1","1","0","0","1","1","0","0","0","1","1","1","1","0","0","1","0","1","1","1","1","1","1","1","0","1","1","1","0","1","1","1",NA,NA,"0",NA,"1","1","1","1","1","0","1","0","1","1","0","1","1","1","1","1","1","1","1","1","0","1",NA,NA,"0",NA,"0","1","1","1","1","1",NA,"1",NA,"0",NA,"1","1","0","1","1","1",NA,"1","1","1","1","0","0","0",NA,"0","1","1","1","1",NA,NA,"0",NA,NA,"1",NA,"1","1",NA,"1",NA,NA,"1","1","1",NA,"1","1","1","1","1","1","1","1","1","1","1","0","0",NA,"1","1","1","0","1","0","0","0"
"105","Navarrete, Geoconda","1","1","1","1",NA,"0","1","1",NA,"0",NA,"1",NA,"0",NA,"1","0",NA,"0",NA,"0","0","1","0","1",NA,NA,"1",NA,"0","1","0","1","1","1","1","1",NA,"0","1","0","0","0","0","1","1","1","1",NA,NA,"0","0","0","1",NA,NA,"0",NA,"1","1","0","0",NA,NA,"1","1","1","1",NA,"1",NA,NA,NA,"0",NA,"0",NA,"1","1","0","1","1","0",NA,"1","0","1",NA,NA,NA,"1","1","1","1","0","1","1","1",NA,"1","1","1","1","1",NA,"1",NA,"1","1","0",NA,"0",NA,NA,NA,NA,NA,NA,"1",NA,NA,"1","1","0","1",NA,"1","1","0","1",NA,"1",NA,"1","1","1","0","0","1","0",NA,NA,"0","1","0","0","1"
"106","Neumann, Ricardo","1","1","1","1","0","0","1","1","0","0","0","1","1",NA,"1",NA,"1","1",NA,"1","0","1","1","1",NA,"1","1","1","1","1","1","1","1","0","1","1","1","0","0","1","0","0","0","0","1","1","1","1",NA,NA,"0","0","0",NA,"0","0","0","0","1","1","0","0","0","0","1","1","1",NA,"0","1","0",NA,NA,"0","0","0","0","1","1","0","1","1","0","0","1","0","1",NA,NA,NA,"1","1","1","1","0","1","1","1","0","1","1","1","1",NA,NA,"1","0",NA,"1","0","0",NA,"0","0","1",NA,"0","0",NA,"0","0",NA,"1","0","1",NA,"1","1",NA,"1",NA,"1",NA,NA,"1","1","0","0",NA,"0","0",NA,"0","1","0","0","1"
"107","Núñez, Nicolás","1","1","1","1","1","1","1","1","1","1","1","1","0","1","0","0","0","0","0","1",NA,"0","1","0",NA,"0","1","1","0","0","1","0","1","1","0",NA,"1","1","0","0","1","1","1","1","0","0","0","0","0","0","1","1","1","0","1","1","0","0","0","1","0",NA,"1","1","1","1","1","1","1","1","1","0","0",NA,NA,"0","0","0","0","1","1","1","1","1","0","1",NA,"1",NA,NA,NA,NA,"0","1","1","1","1","0","0",NA,NA,NA,NA,"0","1","1","1","1","0",NA,"1","1","1","1","1","1","1","1",NA,"1","1","1","0","1","0","1","1","1","1","1","1","0","1","1","1","1","1","1","1","1","1","1","1","1","1","1","1"
"108","Olivares, Ivanna","0","1","1","1","1","1","1","1","1","1","1","1","0","1","0","1","1","0","0","1","0","0","1","1","0","0","0","1","0","0","1","0","1","1","0","1","1","0","1","0","1","1","1","1","0","0","0","0","0","0","1","1","1","0","1","1","0",NA,"0","1","1","0","1","1","1","1","1","1","1","1","1",NA,"1",NA,"1","0","1","0","0","1","1","1","1","1","0","0","0","1","1","1","0","1","0","1","1","1","1","0","1","0","0","0",NA,"1","1","1","1","1","0","1","0","0","1","0","1","1","1","1","0","0","1","1","0",NA,"0","1","1","1","1","0",NA,"0","1","1","1","1","1","1","1","1","1","1","1","1","1","1","1"
"109","Orellana, Matías","1","1","1","1","1","1","1","1","1","1",NA,"1","0","1","0","0","0","0","1","1","0","0","1","1","0","0","1","1","0","0","0","0","0","1","0","1","1","1","1","0","0","0","0","1","0","1","0","0","0","1","0","0","0","1","1","1","0","1","0","1","1","0","0","0","1","1","1","1","1","1",NA,NA,"1","0",NA,"0","0","0","1","1","0","1","1","0","1","0","0","1","1","1","0","1","1","1","1","1","1","1","0","0","0","0","0","0","1","0","1","1","0","1","0","0","0","1","0","1","1","0","1","0","0","1","0","0","0","1","1","1","1","1","1","0","1","1","1","1","1","0","0","0","0","1","1","1","1","0","0"
"110","Ossandón, Manuel","1","1","1","1","0","0","1","1","0","1",NA,"1",NA,"1",NA,NA,"1",NA,"1","1",NA,"0","1","1","1","0","1","1","1","0","0","0","1","1","1","1","1","0","0","1","0","0","0","0","1","1","1","1","1","0",NA,"0","0","0","0","0","0",NA,"1","1","0","0","0","0","1","1","1","1","0",NA,"0",NA,NA,"0","0","0","0","1","1","0","1","1","0","0","1","0","1","0","0",NA,"1","0","1","0","0","0","1","1","0","1","1","1","1","1",NA,"1","0","1","1","0","0","0","0","0","0",NA,"0","0","1",NA,"0",NA,"1","0","1","0","1","1","0","0","0","1","0","0","1","1","0","0","1","0","0","0","0","0","0","0","1"
"111","Oyarzún, María José","1","1","1","1","1","1","0","1","1","1","1","1","0","1","0","0","0","0","1","1","0","0","1","0","0","0","1","1","0","0","0","0","1","1","0","1","1","1","0","0","0","0","0","1","0","1",NA,NA,"1","1",NA,"0","0","1","1","1","1","0","0","1","0","1",NA,NA,"1","1","1","1","1","1",NA,NA,NA,NA,NA,"0",NA,"0","0","1","1","1","1","0","1","0","0","1","1","1","0","1","0","1","1","1","1","1",NA,"0","0","0","0","0","1","1","1",NA,"0",NA,"0","0","0","1","0","1","1","0","1","0","0","1","0","1","0","1","1","1","1","1","1","0","1","1","1","1","0","0","1","1","0","1","1","1","0","0","0"
"112","Pérez, Alejandra","0","1","1","1","0",NA,"1","1","1","1","1","1","0","1","0","1","0","0","0","1","0","0","1","0","0","0","0","1","0","0","0","0","0","1","0","1","1","0","1","0","1","1","1","1","0","1","0","0","0","0","1","1","1","0","1","1","0","1","0","1","1","0","1","1","1","1","1","1","1","1","1","0","0","1","1","0","1","0","0","1","1","1","1","1","0","1","0","1","1","1","0","1","0","1","1","1","1","0","1","0","0","0","0","0","1","1","1","1","0","1","0","0","1","0","1","1","1","1","0","0","1","1","0","0","0","1","1","1","1","0","0","0","1","1","1","1","1","1","1","1","1","1","1","1","1","1","1"
"113","Pinto, Malucha","1","1","1","1","1","1","1","1","1","1","1","1","0","1","0","0","0","0","0","1","1","0","1","1","0","0",NA,"1","0","0","1","0","0","1","0","1","1",NA,"1","0","0","0","0","1","0","0","0","0","0","1","0","0","0","1","1","1","0","1","0","1","1","0","1","1","1","1","1","1","1","1",NA,NA,"1",NA,NA,"0",NA,"0","1","1","0","1","1","0","1","0","0","1","1","1","0","1","1","1","1","1","1","1","1","0","0","0","0","0","1","0","1","1","0","1","0","0","0","1","0","1","1","0","1","0","0","1","0","0","0","1","1","1","1","1","1","0","1","1","1","1","1","0","0",NA,NA,"1","1","1","1",NA,"0"
"114","Politzer, Patricia","1","1","1","1","1",NA,"1","1","1","1","1","1","0","0","0","0","0","0","0","1","1","0","0","0","1",NA,"1","1","0","0","1","0","1","1","0","1","1","1","1","0","1","1","1","0","1","1",NA,NA,NA,"0","0","0","0","1","1","1","0","1","0","1","1","0","1","1","1","1","1","1",NA,"1",NA,NA,"1",NA,NA,"0",NA,"0","1","1",NA,"1","1","0","1","0","0","0","1","1","0","1","1","1",NA,"1","1","1","0","0","0","0","0","0","1","1","1","1",NA,"1","0",NA,NA,"1",NA,"1","1",NA,"1","0",NA,"1",NA,NA,NA,"1","1","1","1","1",NA,NA,"1","1","1","1","0","0",NA,"0",NA,"1","1","1","0","0","0"
"115","Portilla, Ericka","1","1","1","1","1","1","1","1","1","1","1","1","0","1","0","0","0","0","0","0","0","0","1","0","1","0","1","1","0","0","1","0","0","1","0","1","1","1","0","0","1","1","1","1","0","0","0","0","0","0","1","1","1","0","1","1","0","0","0","1","0","0","1","1","1","1","1","1","1","1","1","1","0",NA,NA,NA,NA,"0","0","1","1","1","1",NA,"0","1","0","1","0","1","0","0","0","1","1","1","1","0","1","0","0","0","0","0","1","1","1","1","0","1","0","1","1","0","1","1","1","1",NA,"1","1","1","0","1","0","1","1","1","1","1","1","0","1","1","1","1","1","1","1","1","1","1","1","1","1","1","1"
"116","Pustilnick, Tammy","1","1","1","1","1",NA,"1","1","1","1","1","1","1","0",NA,"1","1","0","0","0","0","0","0","1","1",NA,"1","1","0","0","1","0","1","1","1","1","1","1","1","0","1","1","1","0","1","1","0","0","1","0","0","0","0","1","1","1","0","1","0","1","1",NA,"1","1","1","1","1","1",NA,NA,NA,NA,NA,NA,NA,"0",NA,NA,"1","1","0","1",NA,"0","1","0","0","0","1","1","0","1","1",NA,NA,"1","1","1","0","0","0","0","0","0","1","1","1","1","0","1","0","0","0","1","0",NA,"1","1","1","0","0","1","0","1","0","1","1","1","1","1","1","1","1","1","1","1","0","0",NA,"0","1","1","0","1","0","0","1"
"117","Quinteros, María Elisa","1","1","1","1","1","1","1","1","1","1","1","1","0","1","0","0","0","0","0","1","0","0","1","1","0","0","0","1","0","0","0","0","0","1","0","1","1","0","1","0","1","1","1","1","0","0","0","0","0","0","1","1","1","0","1","1","0","1","0","1","1","0","1","1","1","1","1","1","1","1","1","0","0","0","0","0","0","0","0","1","1","1","1","1","0","1","0","1","1","1","0","1","0","1","1","1","1","0","1","0","0","0","0","0","1","1","1","1","0","1","0","0","1","1","1","1","1","1","0","1","1","1","0","0","0","1","1","1","1","1","0","0","1","1","1","1","1","1","1","1","1","1","1","1","1","1","1"
"118","Rebolledo, Bárbara","1","1","1","1","0","0","1","1","0","1","0","1","1","1","1","1","1","1","1","1","0","0","1","1","0","1","1","1","1","0","1","1","1","1","1","1","1",NA,"0","1","0","0","0","0","1","1","1","1",NA,NA,"0","0","0","1","0","0","0","0","1","1","0","0","0","0","1","1","1","1","0","1",NA,NA,"1","0","0",NA,"1","1","1","0","1","1","0","0","1","0","1","0",NA,NA,"1","1","1","1","0","1","1","1","0","1","1","1","1","1","0","0","0","0","1","0","0",NA,"0",NA,"1",NA,"0",NA,"1","0",NA,NA,"1","0","1",NA,"1","1",NA,"1","0","1",NA,NA,"1","1","0","0","1","0","0","1","0","1","0","0","1"
"119","Reyes, María Ramona","1","1","1","1","1","1","1","1","1","1","1","1","0","1","0","0","0","0","1","1","0","0","1","1","0","0","0","0","0","0","1","0","1","1","0","1","1","1","1","0","0","0","0","1","0","1","0","0","0","1","0","0","0","1","1","1","0","1","0","1","1","0","0","0","1","1","1","1","1","1",NA,"1","1","1","1",NA,"1","0","1","1","0","1","1","0","1","0","0","1","1","1","0","1","1",NA,"1","1","1","1","0","0","0","0","0","0","1","1","1","1","0","1","0","0","0","1","0","0","1","0","1","0","0","1","0","0","0","1","1","1","1","1","1","0","1","1","1","1","1","0","0","0","0","1","0","1","1","0","0"
"120","Rivera, María Magdalena","0","1","0","1",NA,"1","0","1","1","1","1","1","0","1","0","1","1","0","0","1","0","0","1",NA,NA,"0",NA,"1","0","0",NA,"0","0","1","0","0","1","1","1","0","1","1","1","1","0",NA,"0","0","0","0","1","1","1","0","1","1","0","1","0","1","1","0","1","1","1","1","1","1","1","1",NA,"0",NA,NA,NA,"0",NA,"0","0","1","1","1","1","1","0","0","0","1","1",NA,"0","1","0","1","1","1","1","0","1","0","0","0","0","0","1","1","1","1","0","1","1","0","1","0","1","1","1","1","0","1","1",NA,"0",NA,"0","1","1","1","1","0","0","0","1","1","1","1","1","1","1","1","1","1","1","1","1","1","1"
"121","Rivera, Pollyana","1","1","1","1","0","0","1","1",NA,"0","0","1","1","1","1",NA,"1","1","1","1","0","1","1","1","0","1","1","1","1","1","0","1","1","0","1","0","1","0","0","1","0","0","0","0","1","1","1","1",NA,NA,NA,"0","0","0","0","0","0","0","1","1","0","0","0","0","1","1","1","1","0","1","0","0",NA,"1","0","0","0","1","1","0",NA,NA,NA,"0",NA,"0","1","0","0",NA,"1",NA,"1","1",NA,"1","1","1",NA,"1","1","1","1","1","0",NA,"0","1","1","0","0","0","0","0",NA,NA,"0","0","1",NA,"0","1","1","0","1","0","1","1","0","1",NA,"1","0","1","1","1","0","0","1","0","0",NA,"0","1","0","0","1"
"122","Roa, Giovanna","1","1","1","1","1","1","0","1","1","1","1","1","0","1","0","0","0","0","1","1","0","0","1","0","0","0","1","1","0","0","0","0","1","1","0","1","1","1","1","0","0","0","0","1","0","1","0","0","1","1","1","0","0","1","1","1","1","1","0","1","1","1","1","1","1","1",NA,"1","1","1",NA,NA,NA,NA,NA,"0",NA,"0","0","1","1","1","1","1","1","0","0","1","1","1","0","1","0","1","1","1","1",NA,"1","0","0","0","0","0","1","1","1","1","0","1","0","0","0","1","0","1","1","0","1","0","0","1","0","1","0","1","1","1","1","1","1","0","1","1","1","1","0","0","1","1","1","1","1","1","0","0","0"
"123","Rojas, Rodrigo","0","1","1","1","1",NA,"0","1","1","1","1","1","0","1","0","1","0","0","0","1","0","0","1","0","0","0",NA,"1","0","0","1",NA,"1","1",NA,"0","1","0","1","0","1","1","1","1","0","0","0","0","0","0","1","1","1","0","1","1","0","1","0","1","1","0","1","1","1","1","1","1","1","1","1",NA,"0","1","1","0","1","0","0","1","1","1","1","1","0","0","0","1","0","1","0","1",NA,"1","1","1","1","1","1","0","0","0","0","0","1","1","1","1","0","1","0","0","1","0","1","1","1","1","0","1","1","0","0","0","0","1","1","1","1",NA,"0","0","1","1","1","1","1","1","1","1","1","1","1","1","1","1","1"
"124","Royo, Manuela","1","1","1","1","1","1","1","1","1","1","1","1","0","1","0","0","0","0","0","1","0","0","1","0","1","0","0","1","0","0","0","0","0","1","0","0","1","1","1","0","1","1","1","1","0","1","0","0","0","0","1","1","1","1","1","1","0","1","0","1","1","0","1","1","1","1","1","1","1","1","1","1","1","1","1","0","1","0","0","1","1","1","1","1","1","1","0","1","1","1","0","1","0","1","1","1","1","0","1","0","0","0","0","1","1","1","1","1","0","1","1","0","1","1","1","1","1","1","0","1","1",NA,"0",NA,"0","1",NA,"1","1","1","0","0","1","1","1","1","1","1","1","1","1","1","1","1","1","0","1"
"125","Saldaña, Alvin","1","1","1","1","1","1","1","1","1","1","1","1","0","1","0","0","0","0","0","1","0","0","1","0","0","0","0","1","0","0","0","0","0","1","0","1","1","0","1","0","1","1","1","1","0","0","0","0","0","0","1","1","1","0","1","1","0","1","0","1","1","1","1","1","1","1","1","1","1","1","1","0","0",NA,NA,"0","1","0","0","1","1","1","1","1","0","1","0","1","1","1","0","1","0","1","1","1","1","0","1","0","0","0","0","1","1","1","1","1","0","1","0","0","1","1","1","1","1","1","1","1","1","1","0","0","0","1","1","1","1","0","0","0","1","1","1","1","1","1","1","1","1","1","1","1","1","1","1"
"126","Salinas, Fernando","1","1","1","1","1","0","1","1","1","1","1","1","0","1","0","1","1","0","0","1","1","0","1","0","1","0","0","1","0","0","1","0","1","1","0","1","1","1","1","0","1","1","1","1","0",NA,"0","0","0","0","1","1","1",NA,"1","1","0","1","0","1","1","1","1","1",NA,NA,NA,NA,NA,NA,NA,NA,NA,NA,NA,NA,NA,NA,NA,NA,NA,NA,NA,NA,NA,NA,NA,NA,NA,NA,NA,NA,NA,NA,NA,NA,NA,NA,NA,NA,NA,NA,NA,NA,NA,NA,NA,NA,NA,NA,NA,NA,NA,NA,NA,NA,NA,NA,NA,NA,NA,NA,NA,NA,NA,NA,NA,NA,NA,NA,NA,NA,NA,NA,"1","1","1","1","1","1","1","1","1","1","1","1","1"
"127","San Juan, Constanza","1","1","1",NA,"1","1","1","1","1","1","1","1","0","1","0","1","0","0","0","1","0","0","1",NA,NA,NA,"0","1","0","0","1","0","0","1",NA,"0","1","0","1","0","1","1","1","1","0","0","0","0","0","0","1","1","1","0","1","1","0","1","0","1","1","1","1","1","1","1","1","1","1","1","1","0","0","0",NA,"0",NA,"0","0","1","1","1","1","1",NA,"1","0","1","1","1","0","1","0","1","1","1","1","0","1","0","0","0","0","0","1","1","1","1","0","1","0","0","1","1","1","1","1","1","0","1","1","1","0","0","0","1","1","1","1","0","0","0","1","1","1","1","1","1","1","1","1","1","1","1","1","1","1"
"128","Sánchez, Beatriz","1","1","1","1","1","1","0","1","1","1","1","1","0","1","0","0","0","0","1","1","0","0","1","0","0","0","1","1","0","0","0","0","1","1","0","1","1","1","1","0","0","0","0","0","0","1","0","0","1","1","0","0","0","1","0","0","1","0","0","1","1","1","1","1","1","1","1","1","1","1",NA,NA,NA,NA,NA,"0",NA,"0","0","1","1","1","1","0","1","0","0","1","1","1","0","1","0","1","1","1","1",NA,"1","0","0","0","0","0","1","1","1","1","0","1","0","0","0","1","0","1","1","0","1","0","0","1","0","1","0","1","1","1","1","1","1","0","1","1","1","1","0","0","1","1","1","1","1","1","0","0","0"
"129","Schonhaut, Constanza","1","1","1","1","1","1","0","1","1","1","1","1","0","1","0","0","0","0","1","1","0","0","1","0","0","0","1","1","0","0","0","0",NA,"1","0","1","1","1","1","0","0","0","0","1","0","1","0","0","1","1",NA,"0","0","1","1","1","1","0","0","1","1",NA,"1","1","1","1","1","1","1","1",NA,NA,NA,NA,NA,"0",NA,"0","0","1","1","1","1","1","1","0","0","1","1","1","0","1","0","1","1","1","1",NA,"1","0","0","0","0","0","1","1","1","1","0","1","0","0","0","1","0","1","1","0","1","0","0","1","0","1","0","1","1","1","1","1","1","0","1","1","1","1","0","0","1","1","1","1","1","1","0","0","0"
"130","Sepúlveda, Bárbara","1","1","1","1","1","1","0","1","1","1","1","1","0","1","0","0","1","0","0","1","0","0","1","1","0","0","1","1","0","0","1","1","1","1","0","1","1","1","0","0","1","1","1","1","0","0","0","0","0","0","1","1","1","0","1","1","0","0","0","1","0","1","1","1","1","1","1","1","1","1","1","0","0","1","1","0","1","0","0","1","1","1","1","1","0","1","0","1","1","1","0","0","0","1","1","1","1","0","1","0","0","0","0","0","1","1","1","1","0","1","1","1","1","0","1","1","1","1","0","1","1","1","0","1","0","1","1","1","1","1","1","0","1","1","1","1","1","1","1","1","1","1","1","1","1","1","1"
"131","Sepúlveda, Carolina","1","1","1","1","1","0","0","1","1","1",NA,"1","0",NA,"0","0","0","0","0","0","0","0","0","0","1","0","1","1","0","0","1","0",NA,"1","1","1","1","0","1","0",NA,NA,NA,"0","1","1","0","0",NA,"0","0","0","0","1","1","1","0","1","0","1","1","0","1","1","1","1","1","1",NA,"1",NA,NA,"1","1",NA,NA,"1",NA,"1","1","0","1","1","0","1","0","0",NA,"1","1","0","1","1",NA,NA,"1","1","1","0",NA,"0","1",NA,"0","1","0","1","1",NA,"1","0","1","0","1","0",NA,"1","0","1","0","0","1","0","1","1","1","1","1",NA,"1","0","0","1",NA,"1","1","0","0",NA,"0","0","1","0","1","0",NA,"0"
"132","Serey, Mariela","1","1","1","1","1","1","0","1","1","1","1","1","0","1","0","0","0","0","1","1","0","0","1","0","0","0","1","0","0","0","0","0","1","1","0","1","1","1","1","0","0","0","0","1","0","1","1",NA,"1","1","1","0","0","1","1","1","1","1","0","1","1","1","1","1","1","1","1","1","1","1",NA,NA,NA,NA,NA,"0",NA,"0","0","1","1","1","1","1","1","0","0","1","1","1","0","1","0","1","1","1","1",NA,"1","0","0","0","0","0","1","1","1","1","0","1","0","0","0","1","0","1","1","0","1","0","0","1","0",NA,"0","1","1","1","1","1",NA,"0","1","1","1","1","0","0","1","1","1","1","1","1","0","0","0"
"133","Silva, Luciano","1","1","1","1",NA,"0","1","0","0","0","0","1","1","1",NA,NA,"1","0","0","1",NA,"0","1","1","1","0","1","1",NA,"0","0","0","1","1","1","1","1","0","0","1","0","0","0","0","1","1","1","1",NA,NA,"0","0","0",NA,"0","0","0","0","1","1","0","0","0","0","1","1","1","1","0","1","0",NA,NA,NA,NA,NA,"1",NA,"1","0","1","1",NA,"0","1","0","1","1",NA,NA,"1","1","1","1","0","1","1","1","0",NA,"1","1","1","1",NA,"1",NA,NA,"1","0",NA,NA,NA,NA,NA,NA,NA,NA,"1",NA,NA,"0",NA,NA,"1",NA,"0","1","0",NA,NA,"1","0","0","1","1","0","0","0","0","0","1","0","1","0","0","1"
"134","Squella, Agustín","1","1","1","1","1","1","1","1",NA,"1",NA,"1","1","1","0","1","1","0","1","1","1","0","1","1","1","1","1","1","0","1","0","0","1","1","0","1","1","1",NA,"0","1","1","1",NA,"1","1","1",NA,"1","1","0","0","0",NA,"0","0","0","1",NA,"0",NA,NA,NA,NA,NA,"1","1","1","1",NA,"1",NA,"0",NA,NA,NA,NA,NA,"1","0",NA,"1","1","0","1","0","0",NA,NA,NA,NA,"1","1","0",NA,NA,"1","1","0","0","0","1",NA,NA,"1","1",NA,"1",NA,NA,NA,NA,NA,NA,NA,NA,NA,NA,"1",NA,NA,"1","1",NA,NA,NA,NA,"1",NA,NA,NA,NA,NA,NA,"1","1","0","0","1","0","0","1","1","1",NA,NA,"0"
"135","Stingo, Daniel","1","1","1","1","1","1","0","1","1","1","1","1","0","1","0","0","0","0","1","1","0","0","1","0","0","0","1","1","0","0","0","0","1","1","0","1","1","1","1","0","0","0","0","1","0","1","1",NA,"1","1","1","0","0","1","1","1","1","1","0","1","1","1","1","1","1","1","1","1","1","1",NA,NA,NA,NA,NA,"0",NA,"0","0","1","1","1","1","0","1","0","0","1","1","1","0","1","0","1","1","1","1","1","0","0","0","0","0","0","1","1","1","1","0","1","0","0","0","1","0","1","1","0","1","0","0","1","0","1","0","1","1","1","1","1","1","0","1","1","1","1","0","0","1","1","0","1","1","1","0","0","0"
"136","Tepper, María Angélica","1","1","1","1","0","0","1","1","0","1","0","1","1","1","1",NA,"1","0","1","1","0","0","1","1","0","0","1","1","1","1","0","0","1","1","1","1","1","0","0","1","0","0","0","0","1","1","1","1",NA,"1","0","0","0","0","0","0","0","0","1","1","0","0","0","0","1","1","1","1","0","1","0",NA,"1",NA,NA,"0",NA,"1","1","0","1","1","0","0","1","0","1","0","0","0","1","1","1","1","0","1","1","1","0","1","1","1","1","1",NA,"1","0","1","1","0","0","0","0","0","0","0","0","0",NA,"0","0","0","1","0","1","0","0","1","0","0","0","1","0","0","1","1","0","0","0","0","0","1","0","0","0","0","1"
"137","Tirado, Fernando","1","1","1","1","1","1","1","1","1","1","1","1","0","1","0","0","0","0","0","0","0","0","1","0","0","0","0","1","0","0","0","0","0","1","0","1","1","0","1","0","1","1","1","1","0","1","0","0","0","0","1","1","1","0","1","1","0","1","0","1","1","0","1","1","1","1","1","1","1","1","1",NA,NA,"1","1","0","1","0","0","1","1","1","1","1","0","1","0","1","0","1","0","1","0","1","1","1","1","0","1","0","0","0","0","0","1","1","1","1","0","1","0","0","1","0","1","1","1","1","0","1","1","0","0","1","0","1","1","1","1","1","0","0","1","1","1","1","1","1","1","1","1","1","1","1","1","1","1"
"138","Toloza, Pablo","1","1","1","1","0","0","1","1","0",NA,NA,"1","1",NA,"1",NA,NA,"1","0","1","1",NA,"1","1","0","1","1","1",NA,"1","0","1","1","1","1","1","1","0","0","1","0","0","0","0","1","1","1","1",NA,"0","0","0","0","1","0","0","0","0","1","1","0",NA,"0","0","1","1","1","1","0","1","0","0",NA,"0","0","0","0","1","1","0","1","1","0","0","1","0","1","0",NA,NA,"1","1","1",NA,"0","1","1","1","0","1","1","1","1","1","0","1","0","1","1","0","0","0","0",NA,"1",NA,"0","0",NA,"0","0","0","1","0","1","0",NA,"1","0",NA,"0","1","0",NA,"1","1","0","0","1","0","0","1","0","1","0","0","1"
"139","Ubilla, María Cecilia","1","1","1","1","0","0","1","1","0","0","0","1",NA,"0","1","1","1","1","1","1","0","1","1","1","0","1","1","1","1","1","1","1","1","1","1","1","0","0","0","1","0","0","0","0","1","1","1","1",NA,NA,"0","0","0",NA,"0","0","0","0","1","1","0",NA,"0","0","1","1","1",NA,NA,"1","0","0","0","0","0","0","0","1","1","0","1","1","0","0","1","0","1","0","0","0","1","1","1","0","0","1","1","1","0","1","1","1","1","1","0","0","0",NA,"1","0","0","0","0","0",NA,"0","0","0",NA,"0","0","0","0","0","1","0","0","1",NA,NA,"0","1","0",NA,"1","1","0","0","0","0","0",NA,"0","1","0","0","1"
"140","Uribe, César","0","1","1",NA,"1",NA,"1","1","1","1","1","1","0","1","0","1","0","0","0","1","1","0","1",NA,"1","1","0","1","0","0","1","0","1","1","0","1","1","1","1","0","1","1","1","1","0","0","0","0","0","0","1","1","1","0","1","1",NA,"1","0","1","1","0","1","1","1","1","1","1","1","1",NA,NA,"1",NA,"1","0","1","0","0","1","1","1","1","1","0","1","0","1","1","1","0","1",NA,"1","1","1","1",NA,"1","0","0","0","0","0","1","1","1","1",NA,NA,"1","0","1","1","1","1","1","1",NA,"1","1",NA,"0","0","0","1","1","1","1",NA,NA,"0","1","1","1","1","1","1","1","1","1","1","1","1","1","1","1"
"141","Urrutia, Tatiana","1","1","1","1","1","1","0","1","1","1","1","1","0","1","0","0","0","0","1","1","0","0","1","0","0","0","1","1","0","0","0","0","1","1","0","1","1","1","1","0","0","0","0","1","0","1","0","0","1","1","1","0","0","1","1","1","1","1","0","1","1","1","1","1","1","1","1","1","1","1",NA,NA,NA,NA,NA,"0",NA,"0","0","1","1","1","1","0","1","0","0","1","1","1","0","1","0",NA,"1","1","1",NA,"1","0","0","0",NA,"0","1","1","1","1","0","1","0","0","0","1","0","1","1","0","1","0","0","1","0","1","0","1","1","1","1","1","1","0","1",NA,"1","1","0","0","1","1","1","1","1","1","0","0","0"
"142","Valenzuela, César","1","1","1","1","1","1","1","1","1","1",NA,"1","0","1","0","0","0","0","1","1","0","0","1","0","0","0","1","1","0","0","1","0","0","1","1","1","1",NA,"1","0","0","0","0","1","0","1","0","0","0","1","0","0","0","1","1","1","0","1","0","1","1","0","0","0","1","1","1","1",NA,"1",NA,NA,NA,"0","0","0","0","0","1","1","0","1","1","0","1","0","0","1","1","1","0","1","1",NA,"1","1","1","1","0","0","0","0","0","0","1","0","1","1","0","1","0","0","0","1","0","1","1","0","1","0","0","1","0","0","0","1","1","1","1","1","1","0","1","1","1","1","1","0",NA,"0","0","1",NA,"1","1","0","0"
"143","Valenzuela, Paulina","1","1","1","1","1","0","0","1","1","1","1","1","0","0","0","0","0","0","0","0","0","0","0","0","1","0","1","1","0","0","1","0",NA,"1","0","1","1","1","1","0","1","1","1","0","1","1","0","0","1","0","0","0","0","1","1","1","0","1","0","1","1",NA,"1","1","1","1","1","1","1","1",NA,"1","1","1","1","0","1","0","1","1","0","1","1",NA,"1",NA,"0",NA,"1","1",NA,"1","1",NA,NA,NA,"1","1","0","0","0","0","0",NA,"1","1","1","1","0","1","0","0","0","1","0",NA,NA,"0","1","0","0","1","0","0","0","1","1","1","1","1","0","0","1","1","1","1","0","0",NA,NA,"0","1","0","1",NA,NA,"0"
"144","Vallejos, Loreto","0","1","1","1","1","1","1","1","1","1","1","1","0","1","0","1","1","0","0","1","0","0","1","1","0","0","0","1","0","0","1","0","1","1","0","1","1","1","1","0","1","1","1","1","0","0","0","0","0","0","1","1","1","0","1","1","0","1","0","1","1","0","1","1","1","1","1","1","1","1","1","0","0","0","0","0","0","0","0","1","1","1","1","1","0","1","0","1","1","1","0","1",NA,"1","1","1","1","0","1","0","0","0","0","0","1","1","1","1","0","1","0","0","1","1","1","1","1","1","0","1","1","1","0","0","0","1","1","1","1","0","0","0","1","1","1","1","1","1","1","1","1","1","1","1","1","1","1"
"145","Vargas, Margarita","1","1","1","1","1","1","1","1","1","1","1","1","0","1","0","0","0","0","0","0","0","0","1",NA,"1","0","0","1","0","0","0","0","1","1","0","1","1","1","1","0","1","1","1","1","0","0","0","0","0","0","1","1","1","0","1","1","0","1","0","1","1",NA,"1","1","1","1","1","1","1","1","1",NA,"1","1","1","0","1","0","0","1","1","1","1","1","0","1","0","1","1","1","0",NA,"0","1",NA,"1","1","1","1","0","0","0","0",NA,"1","1","1","1","0","1","0","0","1","0","1","1","1","1","1","1","1","0","0","0","0","1",NA,NA,"1","0","1","0","1","1","1","1","1","1","1","1","1","0","1","1","1","1","1"
"146","Vargas, Mario","1","1","1","1","1",NA,"1","1","1","1","1","1","0","1","0","0","0","0","1","1","0","0","1","1","0","0","1","1","0","0","0","0","0","1","1","1","1","1","1","0","0","0","0","1","0","1","0","0","0","1","0","0","0","1","1","1","0","1","0","1","1","0","1","1","1","1","1","1","1","1","1",NA,"1",NA,NA,NA,NA,"0","1","1","0","1","1","0","1","0","0","1","1","1","0","1","1","0","1","1","1","1","0","1","0","0","0","0","1","0","1","1","0","1","0","0","0","1","0","0","1","0","1","0","0","1","0","0","0","1","1","1","1","1","1","0","1","1","1","1","1","0","0","0","0","1","1","1","1","1","1"
"147","Vega, Roberto","1","1","1","1","0",NA,"1","1","0",NA,"0","1","1","0",NA,NA,NA,"1","1","1","1","1","1",NA,"0","1","1","1",NA,NA,NA,NA,"1","1","1","1","1","0","0","1","0","0","0","0","1","1","1","1","1","0","0","0","0","1","0","0","0","0","1","1","0","0","0","0","1","1","1",NA,NA,"1",NA,NA,"1","0",NA,NA,"1","1","1","0",NA,"1","0","0","1","0","1","0","0",NA,"1","1","1","0","0","1","1","1","0","0","1","1","1","0","0",NA,"0",NA,"1","0","0","0","0","0","1","0","0","0",NA,"0","0","0","1","0","1","0","1","1","0","1",NA,"1",NA,"1","1","1","0","0","0",NA,NA,"1","0","1","0","0","1"
"148","Velásquez, Hernán","1","1","1","1","1","1","1","1","1","1","1","1","0","1","0","0","0","0","0","1","1","0","1","0","1","0","1","1","0","0","1","0","1","1","0","1","1","1","0","0","1","1","1","1","0","0","0","0","0","0","1","1","1","0","1","1","0","1","0","1","0","1","1","1","1","1","1","1","1","1","1","0","0","1","1","0","1","0","0","1","1","1","1","1","0","1","0","1","0","1","0","1","0","1","1","1","1","0","1","0","0","0","0","0","1","1","1","1","0","1","1","1","1","0","1","1","1","1",NA,"1","1","1","0","1","0","1","1","1","1","1","1","0","1","1","1","1","1","1","1","0","1","1","1","1","1","0","1"
"149","Veloso, Paulina","1","1","1","1","0","0","1","1","0",NA,"0","1",NA,NA,"1",NA,"1",NA,NA,"1",NA,"0","1","1","1","1","1","1","1",NA,"1","0","1","1",NA,"1","1","0",NA,"1","0","0","0","0","1","1","1","1",NA,NA,"0","0","0",NA,"0","0","0","0","1","1",NA,"0","0","0",NA,NA,NA,"1","0","1",NA,NA,"1",NA,NA,NA,NA,NA,"1","0","1","1",NA,"0","1","0","1","0",NA,"0","1","1","1","1",NA,"1","1","1",NA,"1","1","1","1","1",NA,"1",NA,"1","1",NA,"0","0","0",NA,"1",NA,"0","0","1",NA,NA,NA,"1","0","1","0","1","1",NA,NA,NA,"1",NA,NA,"1","1","0","0","0","0","0","1",NA,"1","0","0","1"
"150","Vergara, Lisette","0","1","1","1","1","1","1","1","1","1","1","1","0","1","0","1","0","0","0","1","1","1","1","1","1","0","0","1","0","0","1",NA,"1","1","1","0","1",NA,"1","0","1","1","1","1",NA,"0","0","0","0","0","1",NA,"1","0","1","1","0","1","0","1","1",NA,"1","1","1","1","1","1","1","1","1",NA,"1",NA,NA,NA,"1","0","0","1","1","1","1","1","1",NA,"0","1","1","1","0","1","0","1","1","1","1",NA,"1","0","0","0","0","1","1","1","1","1","0","1","1","0","1","1","1","1","1","1","0",NA,"1","1","0","0",NA,"1","1","1","1","0","0","0","1","1","1","1","1","1","1","0",NA,"1",NA,"1","1","1","1"
"151","Vidal, Rossana","1","1","1","1","1",NA,"1","1","1","1","0","1","0","1","0","0","1","0","0","0","1","0","0","1","1","0","0","1","0","0","1","0","1","1","1","1","1","0","1","0","1","1","1","1","0",NA,"0","0","0","0","1","1","1","1","1","1","0","1","0","1","1",NA,"1","1","1","1","1","1","1","1","1","1","0","1","1","0",NA,"0","0","1","1","1","1","1","1","1","0","1","1","1","0","1","0",NA,"1",NA,"1","1","1","0","0","0",NA,"0","1","1","1","1","0","1","0","0","1","0","1","1","1","1","1","0","1","1","0","0","0","1","1","1","1","1","1","0","1","1","1","1","1","0","1","1","1","1","1","1","1","0","1"
"152","Videla, Carolina","1","1","1","1","1","1","1","1","1","1","1","1","0","1","0","0","0","0","0","1","0","0","1","1","1","0","1","1","0","0","1","0","1","1","0","1","1","1","0","0","1","1","1","1","0","0","0","0","0","0","1","1","1","0","1","1","0","0","0","1","0","1","1","1","1","1","1","1","1","1","1","0","0",NA,NA,NA,"1","0",NA,"1","1","1","1","1","0","1","0","1","0","1","0","0","0","1","1","1","1","0","1","0","0","0","0","0","1","1","0","1","0","0","1","1","1","0","1","1","1","1","0","1","1","1","0","1","0","1","1","1","1","1","1","0","1","1","1","1","1","1","1","1","1","1","1","1","1","1","1"
"153","Viera, Christian","1","1","1","1","1","1","0","1","1","1","1","1","0","1","0","0","0","0","1","1","0","0","1","0","0","0","1","1","0","0","0","0","1","1","0","1","1","1","1","0","0","0","0","1","0","1","1",NA,"1","1",NA,"0","0","1","1","1","1","1","0","1","1","1","1","1","1","1","1","1","1","1",NA,NA,NA,NA,NA,"0",NA,"0","0","1","1","1","1","0","1","0","0","0","1","1","0","1","0","1","1","1","1","1","1","0","0","0","0","0","1","1","1","1","0","1","0","0","0","1","0","1","1","0","1","0","0","1","0","1","0","1","1","1","1","1","1","0","0","1","1","1","0","0","0","1","0","1","1","1","0","0","0"
"154","Vilches, Carolina","1","1","1","1","1","1","0","1","1","1","1","1","0","1","0","0","0","0","0","1","0","0","1","0","0","0","1","1","0","0","0","0","1","1","0","1","1","1","1","0","1","1","1","1","0","1","0","0","0","0","1","1","1","1","1","1",NA,"1","0","1","1",NA,"1","1","1","1","1","1","1","1","1",NA,"0","1","1","0","1","0","0","1","1","1","1","1","1","1","0","1","1","1","0","1","0","1","1","1","1","0","1","0","0","0","0","0","1","1","1","1","0","1","0","0","1","1","1","1","1","1","0","1","1","1","0","0","0","1","1","1","1","1","0","0","1","1","1","1","1","1","1","1","1","1","1","1","1","1","1"
"155","Villena, Ingrid","0","1","1","1","1","0","1","1","1","1","1","1","0","1","0","1","1","0","0","1","0","0","1","0","0","0","0","1","0","0","1","0","0","1","0","1","1","1","1","0","1","1","1","1","0","0","0","0","0","0","1","1","1","0","1","1","0","1","0",NA,"1","0","1","1","1","1","1","1","1","1","1","0","1",NA,NA,"0","1","0","0","1","1","1","1","1","0","1","0","1","1","1","0","1","0","1","1","1","1","1","1","0","0","0","0","0","1","1","1","1","0","1","0","0","1","0","1","1","1","1","0","0","1","0","0","0","0","1","1","1","1","0","0","0","1","1","1","1","1","1","1","1","1","1","1","1","1","1","1"
"156","Woldarsky, Manuel","0","1","1","1","1","1","1","1","1","1","1","1","0","1","0","1","1","0","0","1","0","0","1","0","0","0","0","1","0","0","1","0","0","1","0","0","1","1","1","0","1","1","1","1","0","0","0","0","0","0","1","1","1","0","1","1","0","1","0","1","1","1","1","1","1","1","1","1","1","1","1",NA,"0","1","1","0","1","0","0","1","1","1","1","1","0","1","0","1","1","1","0","1","0","1","1","1","1","1","1","0","0","0","0","0","1","1","1","1","0","1","0","0","1","1","1","1","1","1","0","1","1","1","0","0","0","1","1","1","1","0","0","0","1","1","1","1","1","1","1","1","1","1","1","1","1","1","1"
"157","Zárate, Camila","0","1","1","1","0","0","1","1","1","1","1","1","0","1",NA,"1","1","0","0","1","0","0","1","0","0","1","0","1","0","0","1","0",NA,"1","0","0","1","1","1","0","1","1","1","1","0","0","0","0","0","0","1","1","1","0","1","1","0","1","0","1","1",NA,"1","1","1","1","1","1",NA,"1",NA,"0","0","0","0","0","0","0","0","1","1","1","1","1","0","1","0","1","1","1","0","1",NA,"1","1","1","1",NA,"1","0","0","0","0","0","1","1","1","1","0","1","1","0","1","1","1","1","1","1","0","1","1","1","0",NA,"0","1","1","1","1","0","0","0","1","1","1","1","1","1","1","1","1","1","1","1","1",NA,"1"
"158","Zúñiga, Luis Arturo","1","1","1","1","0","0","1","0","0","0","0","1","1","0","1","1","1","1","1","1","0","1","1","1","0","1","1","1","1","1","1","1","1","0","1","1","1","0","0","1","0","0","0","0","1","1","1","1",NA,NA,"0","0","0","1","0","0","0","0","1","1","0","0","0","0","0","1","1","1","0","0","0","0","0","0","0","0","0","0","1","0","1","1","0","0","1","0","1","0","0","0","1","0","1","1","0","1","1","1","0","1","1","1","1","1","0","1","0","1","1","0","0","0","0","0","0","0","0","0","1","0","0","0","1","0","1","0","1","1","0","0","0","1","0","0","1","1","0","0","0","0","0",NA,"0","1","0","0","1"
